epoch,train_loss,train_accuracy,train_balanced_accuracy,train_macro_precision,train_macro_recall,train_macro_f1,train_drone_precision,train_drone_recall,train_drone_f1,train_drone_support,train_bird_precision,train_bird_recall,train_bird_f1,train_bird_support,train_airplane_precision,train_airplane_recall,train_airplane_f1,train_airplane_support,train_helicopter_precision,train_helicopter_recall,train_helicopter_f1,train_helicopter_support,train_confusion_matrix,val_loss,val_accuracy,val_balanced_accuracy,val_macro_precision,val_macro_recall,val_macro_f1,val_drone_precision,val_drone_recall,val_drone_f1,val_drone_support,val_bird_precision,val_bird_recall,val_bird_f1,val_bird_support,val_airplane_precision,val_airplane_recall,val_airplane_f1,val_airplane_support,val_helicopter_precision,val_helicopter_recall,val_helicopter_f1,val_helicopter_support,val_confusion_matrix
1,0.8975683477268784,0.7666349871763158,0.25045740604400635,0.24528548121452332,0.25045740604400635,0.21901868283748627,0.7682560682296753,0.9977290630340576,0.8680835962295532,59007,0.109375,0.003350885584950447,0.006502554751932621,2089,0.0357142873108387,0.00027322405367158353,0.0005422993563115597,7320,0.06779661029577255,0.00047647408791817725,0.0009462976013310254,8395,"[[58873,37,45,52],[2080,7,1,1],[7305,11,2,2],[8374,9,8,4]]",0.8338010359529389,0.7893862044402232,0.25,0.1973465532064438,0.25,0.22057457268238068,0.7893862128257751,1.0,0.8822982907295227,6649,0.0,0.0,0.0,110,0.0,0.0,0.0,767,0.0,0.0,0.0,897,"[[6649,0,0,0],[110,0,0,0],[767,0,0,0],[897,0,0,0]]"
2,0.8821891251605607,0.7685097186600878,0.253915011882782,0.4728620648384094,0.253915011882782,0.22526277601718903,0.7687925100326538,0.9993898868560791,0.8690545558929443,59007,0.5581395626068115,0.011488750576972961,0.02251407317817211,2089,0.5645161271095276,0.004781420808285475,0.009482525289058685,7320,0.0,0.0,0.0,8395,"[[58971,16,20,0],[2064,24,1,0],[7284,1,35,0],[8387,2,6,0]]",0.8386315722003,0.7897423720764574,0.297915518283844,0.4301591217517853,0.297915518283844,0.2886614501476288,0.7920650243759155,0.9968416094779968,0.8827329277992249,6649,0.4285714328289032,0.19090908765792847,0.2641509473323822,110,0.5,0.003911342937499285,0.0077619669027626514,767,0.0,0.0,0.0,897,"[[6628,18,3,0],[89,21,0,0],[756,8,3,0],[895,2,0,0]]"
3,0.8662956911509908,0.7701761466456627,0.2637532949447632,0.6141366362571716,0.2637532949447632,0.2449856698513031,0.7712462544441223,0.9976782202720642,0.8699700236320496,59007,0.7910447716712952,0.025370990857481956,0.04916511848568916,2089,0.5865632891654968,0.031010929495096207,0.058907490223646164,7320,0.3076923191547394,0.0009529481758363545,0.001900011789985001,8395,"[[58870,10,118,9],[2034,53,2,0],[7081,3,227,9],[8346,1,40,8]]",0.7893373647495303,0.7999525109818354,0.3288302719593048,0.6145922541618347,0.3288302719593048,0.35608184337615967,0.8016959428787231,0.9953376650810242,0.888083815574646,6649,0.9545454382896423,0.19090908765792847,0.3181818127632141,110,0.7021276354789734,0.1290743201971054,0.2180616855621338,767,0.0,0.0,0.0,897,"[[6618,1,28,2],[89,21,0,0],[665,0,99,3],[883,0,14,0]]"
4,0.8392288488860683,0.7741859889859525,0.29259032011032104,0.6362383365631104,0.29259032011032104,0.30001360177993774,0.7813478708267212,0.9890691041946411,0.8730226755142212,59007,0.731249988079071,0.056007660925388336,0.10404624789953232,2089,0.5719844102859497,0.060245901346206665,0.10901001840829849,7320,0.4603709876537323,0.06503871083259583,0.11397556960582733,8395,"[[58362,31,236,378],[1951,117,5,16],[6628,5,441,246],[7753,7,89,546]]",0.7427003607675778,0.8048201353437018,0.3079947829246521,0.6694701313972473,0.3079947829246521,0.3223450779914856,0.8137837052345276,0.9891713261604309,0.8929468393325806,6649,0.5,0.00909090880304575,0.0178571417927742,110,0.8225806355476379,0.06649282574653625,0.12303979694843292,767,0.5415162444114685,0.16722407937049866,0.25553661584854126,897,"[[6577,1,5,66],[108,1,0,1],[656,0,51,60],[741,0,6,150]]"
5,0.7976831115258564,0.785147960578563,0.3417354226112366,0.6453807950019836,0.3417354226112366,0.3747808337211609,0.7986811995506287,0.9791211485862732,0.8797442317008972,59007,0.6459627151489258,0.099569171667099,0.1725424975156784,2089,0.5862069129943848,0.08825136721134186,0.1534077525138855,7320,0.5506723523139954,0.20000000298023224,0.293428897857666,8395,"[[57775,88,304,840],[1833,208,1,47],[6183,8,646,483],[6547,18,151,1679]]",0.6935230550298381,0.8321263207883177,0.42219001054763794,0.7858020663261414,0.42219001054763794,0.4918026328086853,0.8422405123710632,0.9860129356384277,0.9084736108779907,6649,0.875,0.19090908765792847,0.31343281269073486,110,0.7476635575294495,0.20860496163368225,0.3261977434158325,767,0.6783042550086975,0.30323299765586853,0.4191063344478607,897,"[[6556,3,40,50],[88,21,0,1],[529,0,160,78],[611,0,14,272]]"
6,0.7353222647548968,0.8101183424249131,0.4375649690628052,0.6862920522689819,0.4375649690628052,0.49674421548843384,0.831842303276062,0.9691222906112671,0.8952502012252808,59007,0.6794871687889099,0.20296792685985565,0.31256911158561707,2089,0.604651153087616,0.22021858394145966,0.3228519856929779,7320,0.6291875839233398,0.35795116424560547,0.45630553364753723,8395,"[[57185,177,618,1027],[1569,424,20,76],[5027,13,1612,668],[4964,10,416,3005]]",0.6180163643556296,0.8675056393209071,0.5756315588951111,0.7098391652107239,0.5756315588951111,0.6177524328231812,0.9092727303504944,0.9571363925933838,0.932590901851654,6649,0.5416666865348816,0.23636363446712494,0.3291139006614685,110,0.5556900501251221,0.5984354615211487,0.5762711763381958,767,0.8327272534370422,0.5105908513069153,0.633033812046051,897,"[[6364,21,214,50],[67,26,14,3],[269,0,459,39],[299,1,139,458]]"
7,0.6764913134294229,0.8379659163401075,0.5329161286354065,0.7403819561004639,0.5329161286354065,0.6000512838363647,0.8611883521080017,0.9658176302909851,0.9105070233345032,59007,0.7237991094589233,0.3173767328262329,0.4412645697593689,2089,0.6719500422477722,0.3822404444217682,0.48728665709495544,7320,0.7045904397964478,0.4662298858165741,0.5611469745635986,8395,"[[56990,235,784,998],[1302,663,57,67],[3938,8,2798,576],[3946,10,525,3914]]",0.5629970120743959,0.898967113854921,0.6496095657348633,0.7503023147583008,0.6496095657348633,0.6825780868530273,0.9352476000785828,0.9601444005966187,0.9475325345993042,6649,0.5471698045730591,0.26363635063171387,0.355828195810318,110,0.7902351021766663,0.5697522759437561,0.6621212363243103,767,0.7285569906234741,0.8049052357673645,0.764830470085144,897,"[[6384,17,85,163],[62,29,6,13],[234,3,437,93],[146,4,25,722]]"
8,0.6352320570283416,0.8572470088919556,0.6027018427848816,0.7726442813873291,0.6027018427848816,0.6664625406265259,0.8787668347358704,0.965173602104187,0.9199456572532654,59007,0.7308622002601624,0.43417903780937195,0.5447447896003723,2089,0.7260998487472534,0.4689890742301941,0.5698871612548828,7320,0.7548483610153198,0.5424657464027405,0.6312724947929382,8395,"[[56952,295,825,935],[1057,907,58,67],[3387,23,3433,477],[3413,16,412,4554]]",0.5104385830933446,0.9202184494835569,0.6915963888168335,0.8785499334335327,0.6915963888168335,0.7562208771705627,0.9331810474395752,0.9830049872398376,0.9574452638626099,6649,0.8723404407501221,0.37272727489471436,0.522292971611023,110,0.8279569745063782,0.7027379274368286,0.7602255940437317,767,0.8807212114334106,0.7079152464866638,0.7849196791648865,897,"[[6536,4,58,51],[53,41,13,3],[195,1,539,32],[220,1,41,635]]"
9,0.6037565475165998,0.8724922211662393,0.6538897156715393,0.8055959939956665,0.6538897156715393,0.7144030928611755,0.8922492265701294,0.9664785265922546,0.9278817176818848,59007,0.7861271500587463,0.5208233594894409,0.626547634601593,2089,0.761541485786438,0.5318306088447571,0.6262869834899902,7320,0.7824659943580627,0.5964264273643494,0.6768960356712341,8395,"[[57029,252,816,910],[884,1088,75,42],[2963,24,3893,440],[3040,20,328,5007]]",0.514232741693809,0.9190312240294432,0.6787400841712952,0.8892088532447815,0.6787400841712952,0.7547622919082642,0.9216758012771606,0.9893217086791992,0.9543014764785767,6649,0.8235294222831726,0.38181817531585693,0.52173912525177,110,0.8845470547676086,0.6492829322814941,0.7488722205162048,767,0.9270833134651184,0.694537341594696,0.7941363453865051,897,"[[6578,9,43,19],[56,42,9,3],[242,0,498,27],[261,0,13,623]]"
10,0.5803937403783038,0.8840140084102538,0.6886143088340759,0.8238587379455566,0.6886143088340759,0.7447885274887085,0.9019697308540344,0.9684783220291138,0.9340415596961975,59007,0.7962716221809387,0.572522759437561,0.6661096811294556,2089,0.7842993140220642,0.5841529965400696,0.6695896983146667,7320,0.8128942847251892,0.6293031573295593,0.7094131708145142,8395,"[[57147,263,795,802],[797,1196,63,33],[2635,28,4276,381],[2779,15,318,5283]]",0.4778831224606833,0.9394515018401994,0.814944863319397,0.8514621257781982,0.814944863319397,0.8320286273956299,0.960985004901886,0.9742818474769592,0.9675877094268799,6649,0.7244898080825806,0.6454545259475708,0.682692289352417,110,0.8144329786300659,0.8239895701408386,0.8191834688186646,767,0.905940592288971,0.8160535097122192,0.8586510419845581,897,"[[6478,21,97,53],[26,71,9,4],[114,2,632,19],[123,4,38,732]]"
11,0.561777004500128,0.894585410943745,0.7216770052909851,0.8386573195457458,0.7216770052909851,0.771953284740448,0.9116612672805786,0.9710204005241394,0.9404050707817078,59007,0.8060975670814514,0.6328386664390564,0.7090372443199158,2089,0.8076314330101013,0.6274589896202087,0.7062350511550903,7320,0.8292388916015625,0.6553900837898254,0.7321357727050781,8395,"[[57297,274,694,742],[654,1322,79,34],[2345,25,4593,357],[2553,19,321,5502]]",0.46909695512025923,0.9420633978392496,0.85435551404953,0.8582066297531128,0.85435551404953,0.8553673028945923,0.9704552292823792,0.9682658910751343,0.969359278678894,6649,0.7809523940086365,0.7454545497894287,0.7627906799316406,110,0.7868080139160156,0.8709256649017334,0.8267326951026917,767,0.8946107625961304,0.832775890827179,0.8625865578651428,897,"[[6438,12,128,71],[20,82,7,1],[78,5,668,16],[98,6,46,747]]"
12,0.542804799521465,0.9032039681816406,0.7464311122894287,0.8497375845909119,0.7464311122894287,0.7918734550476074,0.9197837114334106,0.9714101552963257,0.9448922276496887,59007,0.8108747005462646,0.656773567199707,0.7257339358329773,2089,0.8277038335800171,0.6628415584564209,0.7361553907394409,7320,0.8405880928039551,0.694699227809906,0.7607121467590332,8395,"[[57320,271,682,734],[619,1372,56,42],[2112,26,4852,330],[2268,23,272,5832]]",0.46891110871532504,0.9415885076576042,0.8093705177307129,0.9137781858444214,0.8093705177307129,0.8441634178161621,0.9661474227905273,0.9700706601142883,0.9681050777435303,6649,1.0,0.5545454621315002,0.7134503126144409,110,0.7851428389549255,0.8956975340843201,0.8367844223976135,767,0.9038224220275879,0.8171683549880981,0.8583138585090637,897,"[[6450,0,141,58],[32,61,14,3],[63,0,687,17],[131,0,33,733]]"
13,0.532374137817779,0.908776086758407,0.7614087462425232,0.8603812456130981,0.7614087462425232,0.8053281903266907,0.9240135550498962,0.9735285639762878,0.9481250643730164,59007,0.8260869383811951,0.6821445822715759,0.7472469806671143,2089,0.8350859880447388,0.6834699511528015,0.7517091631889343,7320,0.8563384413719177,0.7064919471740723,0.7742313742637634,8395,"[[57445,250,660,652],[598,1425,41,25],[1967,32,5003,318],[2159,18,287,5931]]",0.44587223512549223,0.9532233171079187,0.831576943397522,0.9376894235610962,0.831576943397522,0.8776547312736511,0.9592283964157104,0.9872161149978638,0.9730210900306702,6649,0.9367088675498962,0.6727272868156433,0.7830687761306763,110,0.9329268336296082,0.7979139685630798,0.8601546287536621,767,0.9218934774398804,0.868450403213501,0.8943743109703064,897,"[[6564,2,36,47],[31,74,2,3],[137,2,612,16],[111,1,6,779]]"
14,0.5219206713747515,0.9129161187850698,0.7736160159111023,0.8667794466018677,0.7736160159111023,0.8153413534164429,0.9278345704078674,0.9739691615104675,0.9503422379493713,59007,0.8340011239051819,0.6974629163742065,0.759645402431488,2089,0.848038375377655,0.6998633742332458,0.7668587565422058,7320,0.8572437167167664,0.7231685519218445,0.7845189571380615,8395,"[[57471,251,604,681],[539,1457,62,31],[1874,24,5123,299],[2057,15,252,6071]]",0.4349301729634781,0.9570224385610827,0.859748125076294,0.9280312061309814,0.859748125076294,0.8916277885437012,0.9645317196846008,0.9897729158401489,0.9769893288612366,6649,0.8947368264198303,0.7727272510528564,0.8292683362960815,110,0.9197707772254944,0.837027370929718,0.8764505386352539,767,0.9330855011940002,0.8394649028778076,0.8838028311729431,897,"[[6581,6,33,29],[21,85,1,3],[100,3,642,22],[121,1,22,753]]"
15,0.510383332367436,0.9194256031037221,0.7908981442451477,0.876431405544281,0.7908981442451477,0.8296656012535095,0.9335430264472961,0.9758164286613464,0.9542117714881897,59007,0.8445566892623901,0.7204403877258301,0.7775768637657166,2089,0.858479917049408,0.7267759442329407,0.787156879901886,7320,0.8691458106040955,0.7405598759651184,0.7997170090675354,8395,"[[57580,227,583,617],[508,1505,48,28],[1679,30,5320,291],[1912,20,246,6217]]",0.42806088333881115,0.9626023981954173,0.8748836517333984,0.9449254870414734,0.8748836517333984,0.9073459506034851,0.9685108661651611,0.9899232983589172,0.9791001081466675,6649,0.9347826242446899,0.7818182110786438,0.8514851331710815,110,0.939130425453186,0.8448500633239746,0.8894990086555481,767,0.9372780919075012,0.8829431533813477,0.9092996716499329,897,"[[6582,1,27,39],[21,86,1,2],[104,3,648,12],[89,2,14,792]]"
16,0.5039157707212779,0.9229797815417062,0.8028956651687622,0.8858001232147217,0.8028956651687622,0.8406220078468323,0.9354268312454224,0.9768502116203308,0.9556899070739746,59007,0.8596587777137756,0.7477262020111084,0.7997952103614807,2089,0.8717243671417236,0.7362021803855896,0.7982520461082458,7320,0.8763904571533203,0.75080406665802,0.8087509274482727,8395,"[[57641,218,553,595],[460,1562,38,29],[1646,20,5389,265],[1873,17,202,6303]]",0.4310255705793694,0.9598717796509557,0.8619767427444458,0.9386749863624573,0.8619767427444458,0.8972756266593933,0.9608127474784851,0.9956384301185608,0.9779156446456909,6649,0.8712871074676514,0.800000011920929,0.8341232538223267,110,0.958268940448761,0.8083441853523254,0.8769448399543762,767,0.9643312096595764,0.8439241647720337,0.9001188278198242,897,"[[6620,1,19,9],[19,88,1,2],[119,11,620,17],[132,1,7,757]]"
17,0.4982053195271186,0.9256356511437164,0.8074544072151184,0.8857621550559998,0.8074544072151184,0.8433130383491516,0.9388386011123657,0.9776128530502319,0.957833468914032,59007,0.8543956279754639,0.7443752884864807,0.7955999374389648,2089,0.8693363070487976,0.7443988919258118,0.8020312190055847,7320,0.8804780840873718,0.7634305953979492,0.8177874088287354,8395,"[[57686,213,554,554],[465,1555,37,32],[1555,32,5449,284],[1738,20,228,6409]]",0.43071576846080395,0.9608215600142467,0.8545263409614563,0.955593466758728,0.8545263409614563,0.8994812965393066,0.9626985192298889,0.9936832785606384,0.9779455065727234,6649,0.9534883499145508,0.7454545497894287,0.8367347121238708,110,0.9570747017860413,0.7848761677742004,0.862464189529419,767,0.9491124153137207,0.8940914273262024,0.9207807779312134,897,"[[6607,1,17,24],[26,82,0,2],[145,3,602,17],[85,0,10,802]]"
18,0.4897148710304044,0.9295153037976331,0.8192876577377319,0.8955869078636169,0.8192876577377319,0.8543732762336731,0.9412599205970764,0.9784432649612427,0.9594914317131042,59007,0.8726080060005188,0.7640019059181213,0.8147013783454895,2089,0.8828471899032593,0.7607923746109009,0.8172879219055176,7320,0.8856325149536133,0.7739130258560181,0.8260123133659363,8395,"[[57735,198,510,564],[434,1596,31,28],[1483,21,5569,247],[1686,14,198,6497]]",0.41622595886542735,0.9677074676481063,0.9015852212905884,0.9428842067718506,0.9015852212905884,0.9213717579841614,0.9731365442276001,0.991577684879303,0.9822705388069153,6649,0.9038461446762085,0.8545454740524292,0.8785046339035034,110,0.9313187003135681,0.8839634656906128,0.9070234298706055,767,0.9632353186607361,0.8762542009353638,0.9176883697509766,897,"[[6593,7,31,18],[14,94,1,1],[76,2,678,11],[92,1,18,786]]"
19,0.48310303910603536,0.9326789131764982,0.8255614042282104,0.8989396095275879,0.8255614042282104,0.8594481945037842,0.9441195726394653,0.9795278310775757,0.9614978432655334,59007,0.8723404407501221,0.7654380202293396,0.815400242805481,2089,0.8874431848526001,0.7733606696128845,0.8264836668968201,7320,0.8918552398681641,0.7839189767837524,0.8344110250473022,8395,"[[57799,200,485,523],[434,1599,27,29],[1392,21,5661,246],[1595,13,206,6581]]",0.40787797918600494,0.9718627567375044,0.9205441474914551,0.9331281781196594,0.9205441474914551,0.9265242218971252,0.9839363694190979,0.9857121109962463,0.98482346534729,6649,0.8942307829856873,0.8454545736312866,0.869158923625946,110,0.9029003977775574,0.9335071444511414,0.9179487228393555,767,0.9514451026916504,0.917502760887146,0.9341657161712646,897,"[[6554,8,57,30],[13,93,1,3],[40,2,716,9],[54,1,19,823]]"
20,0.4779120250403228,0.9358425225553632,0.8369909524917603,0.9047070741653442,0.8369909524917603,0.8684740662574768,0.9472968578338623,0.9802396297454834,0.9634867310523987,59007,0.887399435043335,0.792245090007782,0.8371269106864929,2089,0.89309161901474,0.7806010842323303,0.8330660462379456,7320,0.8910402059555054,0.7948778867721558,0.8402165770530701,8395,"[[57841,172,453,541],[382,1655,27,25],[1326,30,5714,250],[1510,8,204,6673]]",0.39904844326402883,0.9762554909177252,0.9216275215148926,0.966190755367279,0.9216275215148926,0.9426965713500977,0.9818452596664429,0.9923296570777893,0.9870595932006836,6649,0.9791666865348816,0.8545454740524292,0.9126214385032654,110,0.9398396015167236,0.916558027267456,0.9280528426170349,767,0.9639115333557129,0.9230769276618958,0.9430524110794067,897,"[[6598,0,29,22],[12,94,2,2],[56,1,703,7],[54,1,14,828]]"
21,0.47238634643186433,0.938954056059679,0.8431893587112427,0.9072089791297913,0.8431893587112427,0.8731071949005127,0.9502815008163452,0.9811378121376038,0.9654631614685059,59007,0.8849652409553528,0.7917664051055908,0.8357756733894348,2089,0.8949225544929504,0.7969945073127747,0.843124508857727,7320,0.8986666798591614,0.802858829498291,0.8480654358863831,8395,"[[57894,173,452,488],[365,1654,38,32],[1217,29,5834,240],[1447,13,195,6740]]",0.4061222203154611,0.9735248723732637,0.9116413593292236,0.9635130763053894,0.9116413593292236,0.9357677698135376,0.9793400764465332,0.990976095199585,0.9851237535476685,6649,0.9784946441650391,0.8272727131843567,0.8965517282485962,110,0.9352707862854004,0.9230769276618958,0.9291338920593262,767,0.9609467387199402,0.9052397012710571,0.9322617650032043,897,"[[6589,2,33,25],[13,91,2,4],[55,0,708,4],[71,0,14,812]]"
22,0.4688637171391343,0.9408027496061762,0.8480377197265625,0.9114536046981812,0.8480377197265625,0.8777099251747131,0.951618492603302,0.9820021390914917,0.966571569442749,59007,0.8941742181777954,0.800861656665802,0.84494948387146,2089,0.8981679677963257,0.8036885261535645,0.8483057022094727,7320,0.9018535614013672,0.8055985569953918,0.8510129451751709,8395,"[[57945,172,418,472],[361,1673,25,30],[1187,16,5883,234],[1398,10,224,6763]]",0.39923281739248623,0.974593375281966,0.9144380688667297,0.9539966583251953,0.9144380688667297,0.933186411857605,0.9812332391738892,0.9908257126808167,0.9860061407089233,6649,0.938144326210022,0.8272727131843567,0.8792270421981812,110,0.9341238737106323,0.9243807196617126,0.929226815700531,767,0.9624853730201721,0.915273129940033,0.9382857084274292,897,"[[6588,3,31,27],[15,91,2,2],[54,1,709,3],[57,2,17,821]]"
23,0.4639548814103811,0.9432633346786268,0.8547491431236267,0.9163594841957092,0.8547491431236267,0.8836434483528137,0.9532575011253357,0.9829342365264893,0.9678683876991272,59007,0.9012739062309265,0.8128290772438049,0.8547696471214294,2089,0.901609480381012,0.8112021684646606,0.854019820690155,7320,0.9092970490455627,0.8120309710502625,0.8579159379005432,8395,"[[58000,150,415,442],[334,1698,30,27],[1151,20,5938,211],[1359,16,203,6817]]",0.4022008897246848,0.974237207645732,0.9127792119979858,0.9553785920143127,0.9127792119979858,0.9313290119171143,0.9854135513305664,0.985561728477478,0.9854876399040222,6649,0.9772727489471436,0.7818182110786438,0.8686869144439697,110,0.9211195707321167,0.9439374208450317,0.9323889017105103,767,0.9377085566520691,0.9397993087768555,0.9387527108192444,897,"[[6553,1,49,46],[18,86,3,3],[35,1,724,7],[44,0,10,843]]"
24,0.4617446824962382,0.9436669227063832,0.8561672568321228,0.9155066013336182,0.8561672568321228,0.8840659856796265,0.9540914297103882,0.982646107673645,0.9681582450866699,59007,0.897829532623291,0.8118717074394226,0.8526897430419922,2089,0.9056974649429321,0.8187158703804016,0.860012948513031,7320,0.9044078588485718,0.8114354014396667,0.8554028272628784,8395,"[[57983,162,404,458],[327,1696,29,37],[1081,21,5993,225],[1382,10,191,6812]]",0.402995623645513,0.9737623174640865,0.9134500026702881,0.956158459186554,0.9134500026702881,0.9339487552642822,0.9780610799789429,0.9923296570777893,0.9851436614990234,6649,0.9300000071525574,0.8454545736312866,0.8857143521308899,110,0.9599999785423279,0.9074315428733826,0.9329758882522583,767,0.9565727710723877,0.9085841774940491,0.9319611191749573,897,"[[6598,6,17,28],[16,93,0,1],[63,0,696,8],[69,1,12,815]]"
25,0.4595845710770914,0.944812591946466,0.8608937859535217,0.9186903834342957,0.8608937859535217,0.8881107568740845,0.95504230260849,0.9831884503364563,0.9689109921455383,59007,0.9081847071647644,0.8286261558532715,0.8665832281112671,2089,0.9045516848564148,0.8117486238479614,0.8556411862373352,7320,0.9069828987121582,0.8200119137763977,0.8613075613975525,8395,"[[58015,148,399,445],[303,1731,27,28],[1127,18,5942,233],[1301,9,201,6884]]",0.39329651219253514,0.9788673869167756,0.9174729585647583,0.9732629656791687,0.9174729585647583,0.9439177513122559,0.9794712662696838,0.9974431991577148,0.9883756041526794,6649,0.9587628841400146,0.8454545736312866,0.8985506892204285,110,0.976323127746582,0.9139504432678223,0.9441077709197998,767,0.9784946441650391,0.9130434989929199,0.9446367025375366,897,"[[6632,3,9,5],[15,93,0,2],[54,1,701,11],[70,0,8,819]]"
26,0.45568649253974836,0.946778456210699,0.865454912185669,0.9200335741043091,0.865454912185669,0.8912522792816162,0.9570966958999634,0.9837138056755066,0.9702227711677551,59007,0.9065274000167847,0.8310196399688721,0.8671329021453857,2089,0.9080650210380554,0.8244535326957703,0.8642417192459106,7320,0.9084451198577881,0.8226324915885925,0.8634118437767029,8395,"[[58046,157,370,434],[305,1736,18,30],[1042,11,6035,232],[1255,11,223,6906]]",0.39967786105953146,0.9734061498278523,0.9076499342918396,0.9599442481994629,0.9076499342918396,0.9315099716186523,0.9812080264091492,0.9894720911979675,0.9853227138519287,6649,0.9777777791023254,0.800000011920929,0.8799999952316284,110,0.9313077926635742,0.9191655516624451,0.9251968264579773,767,0.949483335018158,0.9219620823860168,0.935520350933075,897,"[[6579,1,42,27],[17,88,1,4],[48,1,705,13],[61,0,9,827]]"
27,0.45204316136554884,0.9485099790394605,0.8691968321800232,0.9232490658760071,0.8691968321800232,0.8947736024856567,0.9579291343688965,0.9839849472045898,0.9707822203636169,59007,0.9064785838127136,0.8305409550666809,0.8668498396873474,2089,0.91604083776474,0.8331966996192932,0.8726570010185242,7320,0.9125475287437439,0.8290649056434631,0.8688054084777832,8395,"[[58062,149,362,434],[310,1735,19,25],[1004,9,6099,208],[1236,21,178,6960]]",0.3940146609947968,0.9792235545530096,0.90755695104599,0.9591701030731201,0.90755695104599,0.9316669702529907,0.9823206067085266,0.9944352507591248,0.9883408546447754,6649,0.9139785170555115,0.7727272510528564,0.8374383449554443,110,0.9725651741027832,0.9243807196617126,0.9478609561920166,767,0.9678161144256592,0.9386845231056213,0.9530277848243713,897,"[[6612,7,15,15],[21,85,1,3],[48,0,709,10],[50,1,4,842]]"
28,0.44926829774087557,0.9498769707463774,0.8733498454093933,0.9269309639930725,0.8733498454093933,0.8987387418746948,0.9594463109970093,0.9843239188194275,0.9717259407043457,59007,0.9216201901435852,0.838678777217865,0.8781955242156982,2089,0.9135968685150146,0.8334699273109436,0.8716959953308105,7320,0.9130604267120361,0.8369267582893372,0.8733375072479248,8395,"[[58082,127,369,429],[291,1752,25,21],[990,10,6101,219],[1174,12,183,7026]]",0.3892228755612109,0.9813605603704143,0.9521981477737427,0.9571725130081177,0.9521981477737427,0.9545712471008301,0.9903628826141357,0.9891713261604309,0.9897667765617371,6649,0.9433962106704712,0.9090909361839294,0.9259259700775146,110,0.9375796318054199,0.9595828056335449,0.9484536647796631,767,0.9573512673377991,0.9509475827217102,0.9541386365890503,897,"[[6577,4,39,29],[8,100,0,2],[22,2,736,7],[34,0,10,853]]"
29,0.44733444090705,0.9509966020491857,0.8772719502449036,0.9265977144241333,0.8772719502449036,0.900729238986969,0.9606196284294128,0.9847136735916138,0.9725174903869629,59007,0.9147727489471436,0.8477740287780762,0.8799999952316284,2089,0.9167535305023193,0.8409836292266846,0.877235472202301,7320,0.9142447710037231,0.835616409778595,0.8731639981269836,8395,"[[58105,134,356,412],[270,1771,15,33],[931,20,6156,213],[1181,11,188,7015]]",0.38722136009196606,0.9811231152795916,0.9409946203231812,0.9654067158699036,0.9409946203231812,0.9522398710250854,0.9897713661193848,0.9896224737167358,0.9896969199180603,6649,0.9793814420700073,0.8636363744735718,0.9178743958473206,110,0.9340937733650208,0.9608865976333618,0.9473007917404175,767,0.9583802223205566,0.9498327970504761,0.9540873765945435,897,"[[6580,2,42,25],[10,95,1,4],[22,0,737,8],[36,0,9,852]]"
30,0.4448592691600545,0.952676049003398,0.8794488906860352,0.9304770231246948,0.8794488906860352,0.9036979675292969,0.961471676826477,0.9853915572166443,0.9732847213745117,59007,0.920104444026947,0.8434657454490662,0.8801198601722717,2089,0.9209039807319641,0.8461748361587524,0.8819592595100403,7320,0.9194282293319702,0.8427635431289673,0.8794282674789429,8395,"[[58145,119,349,394],[284,1762,16,27],[909,18,6194,199],[1137,16,167,7075]]",0.3917116517835511,0.9776801614626618,0.9509201049804688,0.9478287696838379,0.9509201049804688,0.949004590511322,0.9921092391014099,0.9833057522773743,0.987687885761261,6649,0.9519230723381042,0.8999999761581421,0.9252336621284485,110,0.9153175354003906,0.958279013633728,0.9363057613372803,767,0.9319654703140259,0.9620958566665649,0.9467909932136536,897,"[[6538,2,58,51],[8,99,0,3],[21,2,735,9],[23,1,10,863]]"
31,0.44233480654499263,0.9532879405293513,0.8815162181854248,0.9325974583625793,0.8815162181854248,0.9057941436767578,0.9618794322013855,0.9856626987457275,0.9736258387565613,59007,0.9268165230751038,0.8487314581871033,0.8860570192337036,2089,0.9215482473373413,0.8489071130752563,0.8837375044822693,7320,0.9201456904411316,0.8427635431289673,0.8797563314437866,8395,"[[58161,123,344,379],[277,1773,11,28],[890,9,6214,207],[1138,8,174,7075]]",0.38791975392789185,0.9800546123708892,0.9386312961578369,0.9647037982940674,0.9386312961578369,0.9512083530426025,0.986090362071991,0.991577684879303,0.9888263940811157,6649,0.9603960514068604,0.8818181753158569,0.9194312691688538,110,0.949999988079071,0.941329836845398,0.9456450343132019,767,0.9623287916183472,0.9397993087768555,0.950930655002594,897,"[[6593,3,26,27],[10,97,1,2],[40,1,722,4],[43,0,11,843]]"
32,0.4412868522016713,0.9541992683339626,0.8818985819816589,0.9349396824836731,0.8818985819816589,0.9070659279823303,0.9621583819389343,0.9863236546516418,0.9740911722183228,59007,0.928947389125824,0.8449018597602844,0.884933590888977,2089,0.926941990852356,0.8493169546127319,0.8864333033561707,7320,0.9217109680175781,0.8470517992973328,0.8828056454658508,8395,"[[58200,116,299,392],[284,1765,18,22],[900,13,6217,190],[1105,6,173,7111]]",0.39227830922109674,0.9779176065534845,0.9405430555343628,0.9622484445571899,0.9405430555343628,0.949775218963623,0.9907617568969727,0.9839073419570923,0.9873226284980774,6649,1.0,0.8545454740524292,0.9215686321258545,110,0.9447301030158997,0.958279013633728,0.9514563083648682,767,0.9135020971298218,0.9654403328895569,0.9387533664703369,897,"[[6542,0,37,70],[12,94,1,3],[23,0,735,9],[26,0,5,866]]"
33,0.43962664984989075,0.9550845582012993,0.8879724740982056,0.9353992938995361,0.8879724740982056,0.9105933904647827,0.9635258913040161,0.9862558841705322,0.9747583866119385,59007,0.931993842124939,0.8659645915031433,0.8977667689323425,2089,0.924301028251648,0.8490437269210815,0.8850754499435425,7320,0.9217761754989624,0.8506253957748413,0.8847726583480835,8395,"[[58196,104,314,393],[240,1809,16,24],[904,12,6215,189],[1059,16,179,7141]]",0.38344943405230847,0.9825477858245281,0.9459958672523499,0.9698171615600586,0.9459958672523499,0.9573405981063843,0.9896458387374878,0.9918784499168396,0.9907609224319458,6649,0.9800000190734863,0.8909090757369995,0.9333333373069763,110,0.9613848328590393,0.941329836845398,0.9512516260147095,767,0.9482378959655762,0.9598662257194519,0.9540165662765503,897,"[[6595,1,23,30],[11,98,0,1],[28,1,722,16],[30,0,6,861]]"
34,0.437074953473694,0.9563473981591178,0.8902886509895325,0.9348452687263489,0.8902886509895325,0.9115983247756958,0.9652720093727112,0.9868490099906921,0.9759412407875061,59007,0.9267793297767639,0.8664432764053345,0.8955962061882019,2089,0.9291431903839111,0.8562841415405273,0.8912270665168762,7320,0.9181864857673645,0.8515782952308655,0.8836289048194885,8395,"[[58231,113,287,376],[232,1810,18,29],[809,11,6268,232],[1054,19,173,7149]]",0.3835009352393492,0.9839724563694645,0.9397303462028503,0.9804231524467468,0.9397303462028503,0.959234356880188,0.9854253530502319,0.9965408444404602,0.9909518957138062,6649,0.9797979593276978,0.8818181753158569,0.9282296895980835,110,0.9795640110969543,0.937418520450592,0.9580280184745789,767,0.9769052863121033,0.9431437849998474,0.9597277045249939,897,"[[6626,1,11,11],[10,97,1,2],[40,1,719,7],[48,0,3,846]]"
35,0.43664761655097334,0.9558656963195375,0.891270637512207,0.9346635341644287,0.891270637512207,0.9120299220085144,0.9645153880119324,0.9862388968467712,0.9752561450004578,59007,0.9263211488723755,0.8726663589477539,0.8986936211585999,2089,0.9240636825561523,0.8561475276947021,0.8888100981712341,7320,0.9237540364265442,0.8500297665596008,0.8853597640991211,8395,"[[58195,116,332,364],[227,1823,17,22],[832,18,6267,203],[1082,11,166,7136]]",0.39002721633124804,0.9807669476433575,0.9475985169410706,0.9641517400741577,0.9475985169410706,0.9548454284667969,0.9919830560684204,0.9863137602806091,0.9891403317451477,6649,0.9896907210350037,0.8727272748947144,0.9275362491607666,110,0.9426751732826233,0.9647979140281677,0.9536082744598389,767,0.9322580695152283,0.9665551781654358,0.9490969181060791,897,"[[6558,1,38,52],[10,96,2,2],[18,0,740,9],[25,0,5,867]]"
36,0.43493648194060525,0.9570764604028069,0.8920018672943115,0.9410618543624878,0.8920018672943115,0.9153760075569153,0.9643341898918152,0.987459123134613,0.9757596850395203,59007,0.9420889616012573,0.8721876740455627,0.905791699886322,2089,0.9312248229980469,0.852732241153717,0.8902517557144165,7320,0.9265995621681213,0.8556283712387085,0.8897008299827576,8395,"[[58267,89,293,358],[235,1822,10,22],[877,12,6242,189],[1043,11,158,7183]]",0.38243252080706536,0.9838537338240532,0.9526716470718384,0.9619388580322266,0.9526716470718384,0.9569215774536133,0.9909815192222595,0.991577684879303,0.9912794828414917,6649,0.9428571462631226,0.8999999761581421,0.9209302067756653,110,0.92555832862854,0.9726206064224243,0.9485060572624207,767,0.9883585572242737,0.9464883208274841,0.9669703841209412,897,"[[6593,5,43,8],[7,99,2,2],[20,1,746,0],[33,0,15,849]]"
37,0.4327552402205428,0.9575581622423872,0.892309844493866,0.940079927444458,0.892309844493866,0.9151067137718201,0.9651584625244141,0.9872726798057556,0.9760903120040894,59007,0.9377593398094177,0.8654859066009521,0.9001742601394653,2089,0.9301362037658691,0.8584699630737305,0.8928673267364502,7320,0.9272657036781311,0.8580107092857361,0.8912949562072754,8395,"[[58256,102,293,356],[234,1808,16,31],[849,9,6284,178],[1020,9,163,7203]]",0.3801846507466577,0.9839724563694645,0.9458850622177124,0.9691387414932251,0.9458850622177124,0.957069993019104,0.9893633127212524,0.9932320713996887,0.9912939071655273,6649,0.9603960514068604,0.8818181753158569,0.9194312691688538,110,0.9608865976333618,0.9608865976333618,0.9608865976333618,767,0.9659090638160706,0.9476031064987183,0.9566684365272522,897,"[[6604,4,16,25],[9,97,2,2],[27,0,737,3],[35,0,12,850]]"
38,0.43054316747087845,0.9588210022002057,0.8969691395759583,0.9392549991607666,0.8969691395759583,0.9172588586807251,0.9670845866203308,0.9868829250335693,0.9768834710121155,59007,0.9327860474586487,0.8702728748321533,0.9004457592964172,2089,0.9323054552078247,0.8673497438430786,0.898655354976654,7320,0.9248436689376831,0.8633710741996765,0.8930507898330688,8395,"[[58233,109,290,375],[237,1818,17,17],[761,13,6349,197],[984,9,154,7248]]",0.3918940077537909,0.9795797221892437,0.9367281794548035,0.9473530054092407,0.9367281794548035,0.9405487775802612,0.9807663559913635,0.9969920516014099,0.9888126850128174,6649,0.8360655903816223,0.9272727370262146,0.8793103098869324,110,0.9912280440330505,0.8839634656906128,0.9345279335975647,767,0.9813519716262817,0.9386845231056213,0.9595441222190857,897,"[[6629,6,2,12],[7,102,0,1],[73,13,678,3],[50,1,4,842]]"
39,0.4268342690181432,0.9610342268685474,0.9044668674468994,0.943834125995636,0.9044668674468994,0.9234126806259155,0.9690389037132263,0.9876455068588257,0.9782537221908569,59007,0.9450381398200989,0.8889420628547668,0.9161321520805359,2089,0.9333040118217468,0.8698087334632874,0.9004384279251099,7320,0.9279553294181824,0.871471107006073,0.8988267183303833,8395,"[[58278,82,296,351],[186,1857,19,27],[747,16,6367,190],[929,10,140,7316]]",0.3811966133813995,0.9849222367327556,0.9331334829330444,0.9812301993370056,0.9331334829330444,0.9554744958877563,0.987330436706543,0.9962400197982788,0.9917652010917664,6649,0.9892473220825195,0.8363636136054993,0.9064039587974548,110,0.9657443761825562,0.9556714296340942,0.9606814980506897,767,0.982598602771759,0.9442586302757263,0.963047206401825,897,"[[6624,1,17,7],[15,92,1,2],[28,0,733,6],[42,0,8,847]]"
40,0.4263226439206937,0.9610602648058221,0.9034330248832703,0.9425978064537048,0.9034330248832703,0.9222744703292847,0.9689515233039856,0.9879505634307861,0.9783588647842407,59007,0.9371833801269531,0.8855912089347839,0.9106571078300476,2089,0.9350763559341431,0.8696721196174622,0.9011890888214111,7320,0.9291799068450928,0.870518147945404,0.8988929986953735,8395,"[[58296,102,273,336],[206,1850,10,23],[742,14,6366,198],[920,8,159,7308]]",0.3794594916866551,0.9853971269144011,0.9677164554595947,0.9466369152069092,0.9677164554595947,0.9568078517913818,0.9938132166862488,0.9905248880386353,0.9921663403511047,6649,0.8739495873451233,0.9454545378684998,0.9082969427108765,110,0.949999988079071,0.9661017060279846,0.9579831957817078,767,0.9687848091125488,0.9687848091125488,0.9687848091125488,897,"[[6586,15,27,21],[2,104,2,2],[21,0,741,5],[18,0,10,869]]"
41,0.42521778464796883,0.961958573641796,0.9047484397888184,0.944090723991394,0.9047484397888184,0.9236831068992615,0.9695402979850769,0.9882386922836304,0.9788002371788025,59007,0.938453733921051,0.8831977248191833,0.9099876880645752,2089,0.935663104057312,0.8741803169250488,0.9038773775100708,7320,0.9327057600021362,0.8733770251274109,0.9020670056343079,8395,"[[58313,96,274,324],[209,1845,14,21],[723,14,6399,184],[900,11,152,7332]]",0.38205926234388415,0.984091178914876,0.9358141422271729,0.9788897037506104,0.9358141422271729,0.9560257792472839,0.9876137971878052,0.9953376650810242,0.9914607405662537,6649,0.9894737005233765,0.8545454740524292,0.9170731902122498,110,0.968876838684082,0.9335071444511414,0.9508631825447083,767,0.9695945978164673,0.9598662257194519,0.9647059440612793,897,"[[6618,1,15,15],[11,94,1,4],[43,0,716,8],[29,0,7,861]]"
42,0.4258871776452437,0.9619715926104334,0.9044157266616821,0.9457848072052002,0.9044157266616821,0.9242807626724243,0.9693987965583801,0.9883573055267334,0.978786289691925,59007,0.9451844096183777,0.8831977248191833,0.9131403565406799,2089,0.940245509147644,0.8684425950050354,0.9029187560081482,7320,0.9283104538917542,0.8776652812957764,0.9022777676582336,8395,"[[58320,85,256,346],[206,1845,14,24],[753,11,6357,199],[882,11,134,7368]]",0.375521458657977,0.9874154101863944,0.948003351688385,0.9770082831382751,0.948003351688385,0.9615891575813293,0.9923458099365234,0.9944352507591248,0.9933894276618958,6649,0.9793814420700073,0.8636363744735718,0.9178743958473206,110,0.9684210419654846,0.9595828056335449,0.9639816880226135,767,0.9678848385810852,0.9743589758872986,0.9711110591888428,897,"[[6612,2,20,15],[10,95,2,3],[20,0,736,11],[21,0,2,874]]"
43,0.424776152274694,0.9622189530145422,0.9059734344482422,0.9446679353713989,0.9059734344482422,0.9245790243148804,0.9695237278938293,0.9887640476226807,0.9790493845939636,59007,0.9375943541526794,0.8918142914772034,0.9141315221786499,2089,0.938829779624939,0.8680328130722046,0.9020442962646484,7320,0.9327240586280823,0.875282883644104,0.9030910134315491,8395,"[[58344,102,245,316],[182,1863,16,28],[768,12,6354,186],[884,10,153,7348]]",0.37449667485751265,0.9870592425501603,0.9543434381484985,0.9854206442832947,0.9543434381484985,0.9692865610122681,0.9895412921905518,0.9960896372795105,0.9928046464920044,6649,1.0,0.9090909361839294,0.9523809552192688,110,0.9760319590568542,0.9556714296340942,0.9657443761825562,767,0.9761092066764832,0.95652174949646,0.9662162065505981,897,"[[6623,0,12,14],[8,100,0,2],[29,0,733,5],[33,0,6,858]]"
44,0.42204732256939737,0.9627006548541225,0.9060945510864258,0.9459249973297119,0.9060945510864258,0.9252609014511108,0.9700149893760681,0.9884759187698364,0.9791584610939026,59007,0.9417773485183716,0.8827189803123474,0.9112923741340637,2089,0.9406680464744568,0.8771858215332031,0.9078184366226196,7320,0.9312397241592407,0.8759976029396057,0.9027743339538574,8395,"[[58327,96,252,332],[211,1844,12,22],[703,7,6421,189],[889,11,141,7354]]",0.3740659084842874,0.9869405200047489,0.9697741270065308,0.9718732237815857,0.9697741270065308,0.9707309603691101,0.9930775165557861,0.9924800992012024,0.9927787184715271,6649,0.963302731513977,0.9545454382896423,0.9589040875434875,110,0.9799196720123291,0.9543676376342773,0.9669748544692993,767,0.9511930346488953,0.9777034521102905,0.9642660617828369,897,"[[6599,4,14,32],[3,105,0,2],[24,0,732,11],[19,0,1,877]]"
45,0.42056468974095823,0.9647185949929047,0.9120781421661377,0.9513333439826965,0.9120781421661377,0.930984616279602,0.9713021516799927,0.9894419312477112,0.9802880883216858,59007,0.9551478028297424,0.8970799446105957,0.9252036809921265,2089,0.943534255027771,0.881147563457489,0.9112743735313416,7320,0.93534916639328,0.8806432485580444,0.9071722626686096,8395,"[[58384,73,237,313],[172,1874,13,30],[694,8,6450,168],[859,7,136,7393]]",0.37737932788155276,0.9867030749139262,0.9458732604980469,0.9813508987426758,0.9458732604980469,0.9621769785881042,0.9912978410720825,0.9936832785606384,0.9924891591072083,6649,1.0,0.8545454740524292,0.9215686321258545,110,0.9599483013153076,0.9687092304229736,0.9643088579177856,767,0.9741572737693787,0.9665551781654358,0.9703413844108582,897,"[[6607,0,26,16],[13,94,1,2],[19,0,743,5],[26,0,4,867]]"
46,0.4185417033870161,0.9653825623934071,0.9138810634613037,0.9510924220085144,0.9138810634613037,0.9318394660949707,0.9719756841659546,0.9892385601997375,0.9805311560630798,59007,0.950736403465271,0.8961225748062134,0.9226219654083252,2089,0.9446548223495483,0.8860656023025513,0.9144226312637329,7320,0.9370028972625732,0.884097695350647,0.909781813621521,8395,"[[58372,82,238,315],[184,1872,10,23],[666,7,6486,161],[833,8,132,7422]]",0.37525901464106537,0.9878903003680399,0.9647721648216248,0.9817691445350647,0.9647721648216248,0.9730256795883179,0.9914568066596985,0.9948864579200745,0.9931686520576477,6649,0.9903846383094788,0.9363636374473572,0.9626168608665466,110,0.9612902998924255,0.9713168144226074,0.966277539730072,767,0.9839449524879456,0.95652174949646,0.9700396060943604,897,"[[6615,1,22,11],[5,103,1,1],[20,0,745,2],[32,0,7,858]]"
47,0.41787936893386457,0.9662548332921066,0.9146662354469299,0.9534489512443542,0.9146662354469299,0.9333487153053284,0.972180187702179,0.9902045726776123,0.981109619140625,59007,0.9532520174980164,0.898037314414978,0.9248212575912476,2089,0.9487442970275879,0.8825136423110962,0.9144313335418701,7320,0.9396193027496338,0.887909471988678,0.9130328297615051,8395,"[[58429,74,217,287],[185,1876,9,19],[679,8,6460,173],[808,10,123,7454]]",0.3754091583095932,0.9881277454588626,0.9742651581764221,0.9714993834495544,0.9742651581764221,0.9727654457092285,0.9923458099365234,0.9944352507591248,0.9933894276618958,6649,0.9469026327133179,0.9727272987365723,0.9596412181854248,110,0.9640102982521057,0.9778357148170471,0.9708737730979919,767,0.9827387928962708,0.9520624279975891,0.9671573638916016,897,"[[6612,6,20,11],[1,107,1,1],[14,0,750,3],[36,0,7,854]]"
48,0.41712501091535015,0.9661376625743708,0.9163671731948853,0.9520857334136963,0.9163671731948853,0.9336180686950684,0.9727402925491333,0.9899672865867615,0.9812781810760498,59007,0.9526925086975098,0.9061751961708069,0.928851842880249,2089,0.9462538361549377,0.8851093053817749,0.9146608114242554,7320,0.9366561770439148,0.8842167854309082,0.9096813797950745,8395,"[[58415,81,222,289],[166,1893,10,20],[644,4,6479,193],[827,9,136,7423]]",0.3720100888493479,0.9886026356405081,0.9594783782958984,0.981715738773346,0.9594783782958984,0.9703027009963989,0.9914696216583252,0.9963904619216919,0.9939239621162415,6649,0.9805825352668762,0.918181836605072,0.9483568072319031,110,0.9773333072662354,0.9556714296340942,0.9663809537887573,767,0.977477490901947,0.9676700234413147,0.9725490212440491,897,"[[6625,2,12,10],[7,101,0,2],[26,0,733,8],[24,0,5,868]]"
49,0.41512665343598726,0.9664240798843916,0.917083740234375,0.9514935612678528,0.917083740234375,0.9337288737297058,0.9734073877334595,0.9894419312477112,0.9813591241836548,59007,0.9510348439216614,0.9018669128417969,0.9257985353469849,2089,0.9472226500511169,0.8875682950019836,0.9164257049560547,7320,0.9343093037605286,0.8894580006599426,0.9113321304321289,8395,"[[58384,80,226,317],[165,1884,12,28],[634,9,6497,180],[796,8,124,7467]]",0.37482907935741694,0.9878903003680399,0.9578827619552612,0.97984778881073,0.9578827619552612,0.9685139656066895,0.9914593696594238,0.9951872229576111,0.9933198094367981,6649,0.9803921580314636,0.9090909361839294,0.943396270275116,110,0.9722589254379272,0.9595828056335449,0.9658792614936829,767,0.9752808809280396,0.9676700234413147,0.9714605212211609,897,"[[6617,2,18,12],[8,100,0,2],[23,0,736,8],[26,0,3,868]]"
50,0.41422461871918564,0.9679212612776816,0.9171788096427917,0.954660177230835,0.9171788096427917,0.9352625012397766,0.9738836288452148,0.9909163117408752,0.9823261499404907,59007,0.9521628618240356,0.8956438302993774,0.9230390191078186,2089,0.9523182511329651,0.8894808888435364,0.9198276996612549,7320,0.940276026725769,0.8926742076873779,0.9158570170402527,8395,"[[58471,77,193,266],[179,1871,9,30],[623,6,6511,180],[766,11,124,7494]]",0.3744009378070179,0.9875341327318058,0.9628298878669739,0.9812780618667603,0.9628298878669739,0.9717820882797241,0.991165041923523,0.9954880475997925,0.9933218359947205,6649,0.9903846383094788,0.9363636374473572,0.9626168608665466,110,0.9574193358421326,0.9674054980278015,0.9623864889144897,767,0.986143171787262,0.9520624279975891,0.9688031673431396,897,"[[6619,1,22,7],[4,103,1,2],[22,0,742,3],[33,0,10,854]]"
51,0.41268915768050596,0.9682206975563395,0.9233127236366272,0.9542684555053711,0.9233127236366272,0.9383386373519897,0.9751924276351929,0.9899672865867615,0.9825243949890137,59007,0.9579579830169678,0.9162278771400452,0.9366283416748047,2089,0.9470486044883728,0.8942623138427734,0.9198988080024719,7320,0.9368749856948853,0.8927933573722839,0.9143031239509583,8395,"[[58415,72,225,295],[146,1914,10,19],[579,4,6546,191],[761,8,131,7495]]",0.37278236482554683,0.9887213581859196,0.9626177549362183,0.9829055666923523,0.9626177549362183,0.9722096920013428,0.9933854341506958,0.9938336610794067,0.9936094880104065,6649,1.0,0.9090909361839294,0.9523809552192688,110,0.9639639854431152,0.9765319228172302,0.9702072143554688,767,0.9742729067802429,0.9710144996643066,0.9726409316062927,897,"[[6608,0,21,20],[8,100,0,2],[17,0,749,1],[19,0,7,871]]"
52,0.4141195308440313,0.967725976748122,0.9204511046409607,0.9539020657539368,0.9204511046409607,0.9366409182548523,0.9740263819694519,0.9901537299156189,0.9820238947868347,59007,0.9518796801567078,0.9090473651885986,0.9299705624580383,2089,0.951151967048645,0.891120195388794,0.9201580286026001,7320,0.9385502934455872,0.8914830088615417,0.9144113659858704,8395,"[[58426,79,192,310],[158,1899,15,17],[620,14,6523,163],[780,3,128,7484]]",0.37481813255715624,0.9874154101863944,0.9529280662536621,0.9780416488647461,0.9529280662536621,0.9645437002182007,0.9929312467575073,0.9929312467575073,0.9929312467575073,6649,0.9896907210350037,0.8727272748947144,0.9275362491607666,110,0.9552429914474487,0.9739243984222412,0.9644932150840759,767,0.9743016958236694,0.9721293449401855,0.9732142686843872,897,"[[6602,0,28,19],[11,96,1,2],[17,1,747,2],[19,0,6,872]]"
53,0.41017990922920405,0.9696527841064431,0.9241421222686768,0.9581061005592346,0.9241421222686768,0.9405819773674011,0.9751325845718384,0.9908485412597656,0.9829277396202087,59007,0.9586693644523621,0.9104834794998169,0.9339553713798523,2089,0.9530543684959412,0.8930327892303467,0.9220678210258484,7320,0.9455680251121521,0.9022036790847778,0.9233770370483398,8395,"[[58467,70,205,265],[160,1902,10,17],[624,5,6537,154],[707,7,107,7574]]",0.3767445533034723,0.9868217974593375,0.9446093440055847,0.9823325276374817,0.9446093440055847,0.9626060724258423,0.9883669018745422,0.9966912269592285,0.9925116300582886,6649,0.9795918464660645,0.8727272748947144,0.9230769276618958,110,0.9784946441650391,0.9491525292396545,0.9636003375053406,767,0.982876718044281,0.9598662257194519,0.9712352156639099,897,"[[6627,2,12,8],[12,96,0,2],[34,0,728,5],[32,0,4,861]]"
54,0.4109065812025567,0.9688586270195675,0.9227261543273926,0.9545915126800537,0.9227261543273926,0.9381672739982605,0.9752076864242554,0.9905943274497986,0.9828407764434814,59007,0.9505247473716736,0.9104834794998169,0.9300733804702759,2089,0.9537765979766846,0.8935792446136475,0.922697126865387,7320,0.9388570189476013,0.8962477445602417,0.9170577526092529,8395,"[[58452,81,186,288],[153,1902,12,22],[588,11,6541,180],[745,7,119,7524]]",0.376218093852596,0.9871779650955717,0.9592146277427673,0.9813105463981628,0.9592146277427673,0.9700497388839722,0.9885143041610718,0.9966912269592285,0.9925859570503235,6649,0.9716981053352356,0.9363636374473572,0.9537037014961243,110,0.9810298085212708,0.9439374208450317,0.9621261954307556,767,0.984000027179718,0.9598662257194519,0.9717832803726196,897,"[[6627,2,10,10],[6,103,0,1],[39,1,724,3],[32,0,4,861]]"
55,0.408149786691687,0.9701344859460234,0.927784264087677,0.9570382237434387,0.927784264087677,0.9420063495635986,0.9766591191291809,0.990645170211792,0.9836024641990662,59007,0.9600997567176819,0.9214935302734375,0.9404006004333496,2089,0.9501445293426514,0.8982240557670593,0.9234550595283508,7320,0.941249668598175,0.9007743000984192,0.9205672740936279,8395,"[[58455,62,208,282],[137,1925,11,16],[564,7,6575,174],[696,11,126,7562]]",0.3716685333841277,0.989196248367565,0.9676962494850159,0.9727604389190674,0.9676962494850159,0.970215916633606,0.9930941462516785,0.9948864579200745,0.9939894676208496,6649,0.9449541568756104,0.9363636374473572,0.9406392574310303,110,0.9776021242141724,0.9674054980278015,0.9724770784378052,767,0.9753915071487427,0.9721293449401855,0.9737576842308044,897,"[[6615,5,11,18],[6,103,0,1],[22,0,742,3],[18,1,6,872]]"
56,0.4074476608105817,0.9706422257228783,0.9273253679275513,0.9568721652030945,0.9273253679275513,0.941657543182373,0.9765080809593201,0.9911705255508423,0.9837847352027893,59007,0.9504213929176331,0.9176639318466187,0.9337553977966309,2089,0.956204354763031,0.8948087692260742,0.9244883060455322,7320,0.9443547129631042,0.9056581258773804,0.9246017336845398,8395,"[[58486,83,183,255],[144,1917,6,22],[593,6,6550,171],[670,11,111,7603]]",0.37548058227661685,0.987296687640983,0.959579586982727,0.972760021686554,0.959579586982727,0.9659397602081299,0.9910112619400024,0.9948864579200745,0.9929450154304504,6649,0.9528301954269409,0.918181836605072,0.9351851940155029,110,0.9553571343421936,0.9765319228172302,0.9658284783363342,767,0.9918414950370789,0.9487179517745972,0.969800591468811,897,"[[6615,4,24,6],[8,101,0,1],[18,0,749,0],[34,1,11,851]]"
57,0.4068685272058085,0.9707984533465259,0.9280521273612976,0.9584673643112183,0.9280521273612976,0.9428189992904663,0.9767674803733826,0.9911027550697327,0.9838829040527344,59007,0.9595000147819519,0.9186213612556458,0.9386157989501953,2089,0.954109787940979,0.8975409865379333,0.9249613285064697,7320,0.9434922933578491,0.9049434065818787,0.9238159656524658,8395,"[[58482,70,183,272],[140,1919,10,20],[579,8,6570,163],[672,3,123,7597]]",0.3680735668935926,0.9902647512762673,0.9686341285705566,0.9877491593360901,0.9686341285705566,0.9780154228210449,0.991623044013977,0.9969920516014099,0.994300365447998,6649,0.9904761910438538,0.9454545378684998,0.9674418568611145,110,0.9813829660415649,0.9621903300285339,0.9716919660568237,767,0.9875141978263855,0.9698996543884277,0.978627622127533,897,"[[6629,1,12,7],[4,104,0,2],[27,0,738,2],[25,0,2,870]]"
58,0.4062210911567548,0.9709286430328989,0.927801787853241,0.9595186710357666,0.927801787853241,0.9431909322738647,0.9767926931381226,0.991492509841919,0.9840877056121826,59007,0.9638372659683228,0.9186213612556458,0.9406862258911133,2089,0.953754723072052,0.8987705111503601,0.925446629524231,7320,0.9436900615692139,0.9023228287696838,0.9225429892539978,8395,"[[58505,54,180,268],[136,1919,15,19],[565,11,6579,165],[689,7,124,7575]]",0.3741738787105555,0.9871779650955717,0.955104410648346,0.9705395698547363,0.955104410648346,0.9627164602279663,0.9901301264762878,0.9957888126373291,0.9929513335227966,6649,0.9345794320106506,0.9090909361839294,0.9216590523719788,110,0.9812583923339844,0.9556714296340942,0.9682958722114563,767,0.976190447807312,0.9598662257194519,0.9679595828056335,897,"[[6621,4,10,14],[8,100,0,2],[27,2,733,5],[31,1,4,861]]"
59,0.40537490110064844,0.9710327947819973,0.9286602735519409,0.9597916603088379,0.9286602735519409,0.9437742233276367,0.9768882393836975,0.9913908243179321,0.9840860366821289,59007,0.964894711971283,0.9210148453712463,0.9424443244934082,2089,0.9529531002044678,0.8993169665336609,0.9253584742546082,7320,0.9444305896759033,0.9029183983802795,0.9232081174850464,8395,"[[58499,61,185,262],[135,1924,8,22],[572,3,6583,162],[677,6,132,7580]]",0.36996666882038964,0.9896711385492105,0.9707807302474976,0.9702835083007812,0.9707807302474976,0.9703982472419739,0.9923572540283203,0.9959392547607422,0.9941450357437134,6649,0.9210526347160339,0.9545454382896423,0.9375,110,0.9879032373428345,0.958279013633728,0.972865641117096,767,0.9798206090927124,0.9743589758872986,0.9770821928977966,897,"[[6622,8,7,12],[4,105,0,1],[27,0,735,5],[20,1,2,874]]"
60,0.4039714420795925,0.9724779003007382,0.9312203526496887,0.9614150524139404,0.9312203526496887,0.9459006786346436,0.9782016277313232,0.9916958808898926,0.984902560710907,59007,0.965760350227356,0.9181426763534546,0.9413497447967529,2089,0.9549899101257324,0.9072404503822327,0.9305030703544617,7320,0.946708083152771,0.9078022837638855,0.9268471002578735,8395,"[[58517,55,186,249],[136,1918,10,25],[520,4,6641,155],[648,9,117,7621]]",0.3668242748780303,0.9916894218212039,0.9804564118385315,0.980358362197876,0.9804564118385315,0.980392575263977,0.9945921301841736,0.9957888126373291,0.9951900839805603,6649,0.9639639854431152,0.9727272987365723,0.9683258533477783,110,0.9752925634384155,0.9778357148170471,0.9765625,767,0.98758465051651,0.9754738211631775,0.9814919233322144,897,"[[6621,4,16,8],[2,107,0,1],[15,0,750,2],[19,0,3,875]]"
61,0.4033197975632356,0.973154886669878,0.933902382850647,0.9628696441650391,0.933902382850647,0.9479880332946777,0.9786718487739563,0.9922720789909363,0.9854249954223633,59007,0.9680798053741455,0.9291527271270752,0.9482169151306152,2089,0.9595944881439209,0.9051912426948547,0.9315993189811707,7320,0.9451325535774231,0.9089934229850769,0.9267107844352722,8395,"[[58551,49,172,235],[118,1941,5,25],[504,7,6626,183],[654,8,102,7631]]",0.36685046598546994,0.9905021963670901,0.9679632186889648,0.980368435382843,0.9679632186889648,0.9740957021713257,0.992808997631073,0.9966912269592285,0.9947462677955627,6649,0.9626168012619019,0.9363636374473572,0.9493088126182556,110,0.9841269850730896,0.9700130224227905,0.9770190715789795,767,0.9819208979606628,0.9687848091125488,0.9753085970878601,897,"[[6627,3,8,11],[5,103,0,2],[20,0,744,3],[23,1,4,869]]"
62,0.40134315218442934,0.973285076356251,0.9347091913223267,0.9626545906066895,0.9347091913223267,0.9483161568641663,0.9791272878646851,0.992136538028717,0.9855889678001404,59007,0.9695760607719421,0.9305887818336487,0.9496824145317078,2089,0.9567349553108215,0.9062841534614563,0.9308264255523682,7320,0.9451800584793091,0.9098272919654846,0.927166759967804,8395,"[[58543,49,175,240],[115,1944,6,24],[501,6,6634,179],[632,6,119,7638]]",0.36855015795176804,0.9912145316395583,0.9745129346847534,0.9787096977233887,0.9745129346847534,0.976578414440155,0.9947383999824524,0.9951872229576111,0.994962751865387,6649,0.9629629850387573,0.9454545378684998,0.9541284441947937,110,0.9729032516479492,0.9830508232116699,0.9779506921768188,767,0.9842342138290405,0.9743589758872986,0.9792717099189758,897,"[[6617,4,17,11],[5,104,0,1],[11,0,754,2],[19,0,4,874]]"
63,0.4030385836271163,0.972686203798935,0.9333922266960144,0.9608929753303528,0.9333922266960144,0.9467877745628357,0.9788031578063965,0.9915094971656799,0.9851153492927551,59007,0.9655688405036926,0.9262804985046387,0.9455167651176453,2089,0.9533073902130127,0.9036885499954224,0.9278351068496704,7320,0.9458925127983093,0.912090539932251,0.9286840558052063,8395,"[[58506,62,191,248],[126,1935,7,21],[531,5,6615,169],[610,2,126,7657]]",0.36588574711874233,0.9918081443666152,0.9647064208984375,0.9823892116546631,0.9647064208984375,0.9733467102050781,0.9934062361717224,0.9969920516014099,0.9951959252357483,6649,0.9615384340286255,0.9090909361839294,0.9345794916152954,110,0.988095223903656,0.9739243984222412,0.9809585809707642,767,0.9865168333053589,0.9788182973861694,0.9826525449752808,897,"[[6629,2,9,9],[9,100,0,1],[18,0,747,2],[17,2,0,878]]"
64,0.3993225506052554,0.9744177266276965,0.9389020204544067,0.9642125368118286,0.9389020204544067,0.951252281665802,0.9801145195960999,0.9923229217529297,0.9861809611320496,59007,0.9713013172149658,0.9396840333938599,0.9552311301231384,2089,0.9593215584754944,0.9117486476898193,0.9349303245544434,7320,0.9461129903793335,0.9118523001670837,0.9286667704582214,8395,"[[58554,47,155,251],[95,1963,8,23],[479,5,6674,162],[614,6,120,7655]]",0.36883904333000267,0.9899085836400332,0.9742687940597534,0.9777337312698364,0.9742687940597534,0.9759949445724487,0.9935386776924133,0.9944352507591248,0.9939867258071899,6649,0.963302731513977,0.9545454382896423,0.9589040875434875,110,0.9764397740364075,0.9726206064224243,0.9745264053344727,767,0.9776536226272583,0.9754738211631775,0.9765625,897,"[[6612,4,18,15],[4,105,0,1],[17,0,746,4],[22,0,0,875]]"
65,0.39849703132526565,0.9751077319654737,0.9387122988700867,0.9651709794998169,0.9387122988700867,0.95161372423172,0.9799936413764954,0.99284827709198,0.9863790273666382,59007,0.966303288936615,0.9334610104560852,0.9495982527732849,2089,0.9623262882232666,0.9177595376968384,0.939514696598053,7320,0.9520607590675354,0.9107802510261536,0.9309630990028381,8395,"[[58585,55,154,213],[116,1950,1,22],[445,7,6718,150],[635,6,108,7646]]",0.3665385650198632,0.9916894218212039,0.9762321710586548,0.9817838072776794,0.9762321710586548,0.9789736866950989,0.9939948916435242,0.9957888126373291,0.9948909878730774,6649,0.963302731513977,0.9545454382896423,0.9589040875434875,110,0.9920106530189514,0.9713168144226074,0.9815547466278076,767,0.9778270721435547,0.9832776188850403,0.9805448055267334,897,"[[6621,4,6,18],[4,105,0,1],[21,0,745,1],[15,0,0,882]]"
66,0.39915757322446116,0.9748343336240903,0.9386966228485107,0.9661865234375,0.9386966228485107,0.9520791172981262,0.9795355200767517,0.9928821921348572,0.9861637353897095,59007,0.9717541933059692,0.9387266635894775,0.954954981803894,2089,0.9599710702896118,0.9075136780738831,0.9330055713653564,7320,0.9534854888916016,0.9156640768051147,0.9341921210289001,8395,"[[58587,47,155,218],[108,1961,5,15],[529,6,6643,142],[587,4,117,7687]]",0.3671392883340749,0.9916894218212039,0.9763217568397522,0.976668119430542,0.9763217568397522,0.9764845967292786,0.9945929646492004,0.9959392547607422,0.9952656626701355,6649,0.9459459185600281,0.9545454382896423,0.9502262473106384,110,0.9830065369606018,0.9804432988166809,0.9817232489585876,767,0.9831271171569824,0.9743589758872986,0.9787233471870422,897,"[[6622,5,9,13],[4,105,0,1],[14,0,752,1],[18,1,4,874]]"
67,0.39701698378495337,0.9757586803973389,0.941434383392334,0.9667937755584717,0.941434383392334,0.9538034796714783,0.9807705283164978,0.9931533336639404,0.986923098564148,59007,0.9728395342826843,0.9430349469184875,0.9577054381370544,2089,0.9639977216720581,0.9144808650016785,0.9385867118835449,7320,0.9495673775672913,0.915068507194519,0.9319987893104553,8395,"[[58603,40,132,232],[93,1970,5,21],[465,6,6694,155],[591,9,113,7682]]",0.366599233879636,0.9912145316395583,0.9756711721420288,0.9810384511947632,0.9756711721420288,0.9782519340515137,0.9956331849098206,0.9944352507591248,0.995033860206604,6649,0.9811320900917053,0.9454545378684998,0.9629629254341125,110,0.9641485214233398,0.9817470908164978,0.9728682041168213,767,0.9832402467727661,0.9810479283332825,0.9821428060531616,897,"[[6612,2,23,12],[3,104,1,2],[13,0,753,1],[13,0,4,880]]"
68,0.3965757892393811,0.9762273632682819,0.9414191842079163,0.9679356813430786,0.9414191842079163,0.9543462991714478,0.9810341596603394,0.9932041764259338,0.9870815873146057,59007,0.9751120209693909,0.9377692937850952,0.9560760855674744,2089,0.963971734046936,0.9137977957725525,0.9382144808769226,7320,0.9516248106956482,0.9209052920341492,0.9360130429267883,8395,"[[58606,40,146,215],[102,1959,6,22],[469,6,6689,156],[562,4,98,7731]]",0.3648091158963971,0.9920455894574379,0.9761217832565308,0.9896178841590881,0.9761217832565308,0.9827880859375,0.9931127429008484,0.9975936412811279,0.9953480958938599,6649,0.9906542301177979,0.9636363387107849,0.9769585132598877,110,0.9815303683280945,0.9700130224227905,0.9757377505302429,767,0.9931740760803223,0.9732441306114197,0.9831080436706543,897,"[[6633,1,11,4],[2,106,0,2],[23,0,744,0],[21,0,3,873]]"
69,0.3950937385818946,0.9764356667664787,0.9424415826797485,0.9682208299636841,0.9424415826797485,0.9550201892852783,0.9809987545013428,0.9930686354637146,0.9869967699050903,59007,0.9732009768486023,0.9387266635894775,0.9556529521942139,2089,0.9667960405349731,0.9188524484634399,0.9422147870063782,7320,0.9518874883651733,0.9191185235977173,0.9352160692214966,8395,"[[58598,47,134,228],[100,1961,6,22],[452,2,6726,140],[583,5,91,7716]]",0.3677984200180051,0.9906209189125015,0.9756770730018616,0.9782739281654358,0.9756770730018616,0.976917028427124,0.9954792261123657,0.9935328364372253,0.9945051670074463,6649,0.9719626307487488,0.9454545378684998,0.9585253596305847,110,0.9753566980361938,0.9804432988166809,0.9778933525085449,767,0.9702970385551453,0.9832776188850403,0.9767441749572754,897,"[[6606,2,18,23],[4,104,0,2],[13,0,752,2],[13,1,1,882]]"
70,0.39569090166013515,0.9766569892333129,0.9418503046035767,0.9683589935302734,0.9418503046035767,0.9547779560089111,0.981154203414917,0.9934753775596619,0.9872763156890869,59007,0.972650408744812,0.936333179473877,0.9541463851928711,2089,0.9660627245903015,0.9177595376968384,0.941291868686676,7320,0.9535687565803528,0.919833242893219,0.9363972544670105,8395,"[[58622,42,126,217],[105,1956,8,20],[457,6,6718,139],[564,7,102,7722]]",0.36723764467717745,0.9914519767303811,0.9724524021148682,0.979468584060669,0.9724524021148682,0.975914716720581,0.9947400093078613,0.9954880475997925,0.9951138496398926,6649,0.9626168012619019,0.9363636374473572,0.9493088126182556,110,0.9816993474960327,0.979139506816864,0.980417788028717,767,0.9788182973861694,0.9788182973861694,0.9788182973861694,897,"[[6619,4,12,14],[4,103,0,3],[14,0,751,2],[17,0,2,878]]"
71,0.39460667781054093,0.9762534012055565,0.9411464333534241,0.96705162525177,0.9411464333534241,0.9537836909294128,0.9814436435699463,0.9931364059448242,0.9872553944587708,59007,0.9730941653251648,0.9348970651626587,0.9536133408546448,2089,0.9656214118003845,0.9170765280723572,0.9407230615615845,7320,0.9480471611022949,0.9194758534431458,0.9335429668426514,8395,"[[58602,48,128,229],[98,1953,9,29],[441,1,6713,165],[569,5,102,7719]]",0.366951538759131,0.9912145316395583,0.972665548324585,0.9834099411964417,0.972665548324585,0.9779036045074463,0.9942891597747803,0.9950368404388428,0.994662880897522,6649,0.9809523820877075,0.9363636374473572,0.9581395387649536,110,0.9740932583808899,0.9804432988166809,0.9772579669952393,767,0.9843049049377441,0.9788182973861694,0.9815539717674255,897,"[[6616,2,19,12],[5,103,0,2],[15,0,752,0],[18,0,1,878]]"
72,0.3935447744543559,0.9779198291911315,0.9452223777770996,0.9699032306671143,0.9452223777770996,0.9572741985321045,0.9823262095451355,0.9937465190887451,0.9880033135414124,59007,0.9742191433906555,0.940641462802887,0.9571358561515808,2089,0.9683771729469299,0.9203552007675171,0.9437556862831116,7320,0.9546905755996704,0.9261465072631836,0.9402019381523132,8395,"[[58638,46,119,204],[101,1965,5,18],[433,3,6737,147],[521,3,96,7775]]",0.36397153011031264,0.9925204796390834,0.9816367626190186,0.97761070728302,0.9816367626190186,0.9795767068862915,0.9953418374061584,0.9962400197982788,0.9957907199859619,6649,0.9469026327133179,0.9727272987365723,0.9596412181854248,110,0.9816513657569885,0.9765319228172302,0.9790849089622498,767,0.9865471124649048,0.9810479283332825,0.98378986120224,897,"[[6624,5,13,7],[1,107,1,1],[14,0,749,4],[16,1,0,880]]"
73,0.39183789070833525,0.9781281326893283,0.9474532008171082,0.9701106548309326,0.9474532008171082,0.9585343599319458,0.9828005433082581,0.9935600757598877,0.9881510138511658,59007,0.9768244624137878,0.9483006000518799,0.9623512029647827,2089,0.9671637415885925,0.9214481115341187,0.943752646446228,7320,0.9536537528038025,0.9265038967132568,0.9398828148841858,8395,"[[58627,36,133,211],[83,1981,7,18],[421,5,6745,149],[522,6,89,7778]]",0.36598048390734156,0.9922830345482607,0.9725216627120972,0.9875795841217041,0.9725216627120972,0.9798507690429688,0.9945970177650452,0.9966912269592285,0.9956430792808533,6649,0.9903846383094788,0.9363636374473572,0.9626168608665466,110,0.9766233563423157,0.9804432988166809,0.9785295724868774,767,0.9887133240699768,0.9765886068344116,0.9826135039329529,897,"[[6627,1,15,6],[5,103,0,2],[13,0,752,2],[18,0,3,876]]"
74,0.3922105945041587,0.9780109619715927,0.9478284120559692,0.9715335965156555,0.9478284120559692,0.9594088792800903,0.9825422763824463,0.9938651323318481,0.9881712794303894,59007,0.9837197661399841,0.9545236825942993,0.9689018726348877,2089,0.9676491618156433,0.9193989038467407,0.9429072141647339,7320,0.9522230625152588,0.9235259294509888,0.937654972076416,8395,"[[58645,28,123,211],[63,1994,4,28],[439,1,6730,150],[540,4,98,7753]]",0.3639929154048577,0.9928766472753175,0.9754270315170288,0.9865815043449402,0.9754270315170288,0.9809136390686035,0.994897186756134,0.9969920516014099,0.995943546295166,6649,0.9811320900917053,0.9454545378684998,0.9629629254341125,110,0.9804432988166809,0.9804432988166809,0.9804432988166809,767,0.9898534417152405,0.9788182973861694,0.9843049049377441,897,"[[6629,1,12,7],[5,104,0,1],[14,0,752,1],[15,1,3,878]]"
75,0.3900247142792642,0.9791436122430381,0.9489359855651855,0.9718297123908997,0.9489359855651855,0.9601395130157471,0.9831374883651733,0.9940007328987122,0.9885392189025879,59007,0.9758144021034241,0.9463858008384705,0.9608748555183411,2089,0.9688793420791626,0.9271857738494873,0.9475741982460022,7320,0.9594877362251282,0.9281715154647827,0.9435698390007019,8395,"[[58653,42,123,189],[97,1977,3,12],[401,4,6787,128],[508,3,92,7792]]",0.36478212224917755,0.9925204796390834,0.9721439480781555,0.9859613180160522,0.9721439480781555,0.9788637161254883,0.9947431683540344,0.9960896372795105,0.9954159259796143,6649,0.9807692170143127,0.9272727370262146,0.9532710313796997,110,0.9817708134651184,0.9830508232116699,0.9824104309082031,767,0.9865621328353882,0.9821627736091614,0.984357476234436,897,"[[6623,2,14,10],[6,102,0,2],[13,0,754,0],[16,0,0,881]]"
76,0.3894699289328765,0.9793519157412349,0.9490971565246582,0.9725821018218994,0.9490971565246582,0.9605764150619507,0.9831777811050415,0.9944413304328918,0.9887774586677551,59007,0.9773175716400146,0.9487793445587158,0.9628370404243469,2089,0.9703055620193481,0.9240437150001526,0.9466097354888916,7320,0.9595276117324829,0.9291244745254517,0.9440813064575195,8395,"[[58679,37,124,167],[81,1982,6,20],[409,5,6764,142],[514,4,77,7800]]",0.3632779116303907,0.9932328149115517,0.9813100695610046,0.9816958904266357,0.9813100695610046,0.9815013408660889,0.996090829372406,0.9963904619216919,0.9962406754493713,6649,0.9636363387107849,0.9636363387107849,0.9636363387107849,110,0.9804941415786743,0.9830508232116699,0.9817708134651184,767,0.9865621328353882,0.9821627736091614,0.984357476234436,897,"[[6625,3,12,9],[2,106,0,2],[12,0,754,1],[12,1,3,881]]"
77,0.3900197832751002,0.9793909726471469,0.9503738880157471,0.9710891246795654,0.9503738880157471,0.9605228900909424,0.9842929244041443,0.9940345883369446,0.9891397953033447,59007,0.9783464670181274,0.9516515135765076,0.9648143649101257,2089,0.9679816961288452,0.9251366257667542,0.9460743069648743,7320,0.9537353515625,0.9306730031967163,0.94206303358078,8395,"[[58655,37,121,194],[70,1988,8,23],[383,3,6772,162],[483,4,95,7813]]",0.3641718573939923,0.9924017570936721,0.9744116067886353,0.9885580539703369,0.9744116067886353,0.9813472032546997,0.9942994117736816,0.9968416094779968,0.9955688714981079,6649,0.9904761910438538,0.9454545378684998,0.9674418568611145,110,0.9829396605491638,0.9765319228172302,0.9797253012657166,767,0.9865168333053589,0.9788182973861694,0.9826525449752808,897,"[[6628,1,13,7],[4,104,0,2],[15,0,749,3],[19,0,0,878]]"
78,0.38884804876617574,0.9799638072671883,0.9500089883804321,0.9736722111701965,0.9500089883804321,0.9615660905838013,0.9841030240058899,0.9945599436759949,0.9893038868904114,59007,0.9826216697692871,0.9473432302474976,0.9646600484848022,2089,0.9718025922775269,0.9228141903877258,0.9466750621795654,7320,0.9561617374420166,0.935318648815155,0.9456253051757812,8395,"[[58686,25,105,191],[88,1979,5,17],[406,7,6755,152],[454,3,86,7852]]",0.3633553955279831,0.9928766472753175,0.9838625192642212,0.9834414720535278,0.9838625192642212,0.9836339950561523,0.9956384301185608,0.9956384301185608,0.9956384301185608,6649,0.9727272987365723,0.9727272987365723,0.9727272987365723,110,0.9755469560623169,0.9882659912109375,0.9818652868270874,767,0.9898534417152405,0.9788182973861694,0.9843049049377441,897,"[[6620,3,18,8],[2,107,0,1],[9,0,758,0],[18,0,1,878]]"
79,0.38852964536084417,0.980250224577209,0.9508001208305359,0.9737021327018738,0.9508001208305359,0.9620039463043213,0.9840686917304993,0.994475245475769,0.9892445802688599,59007,0.9787128567695618,0.9463858008384705,0.9622779488563538,2089,0.9733676910400391,0.9286885261535645,0.9505033493041992,7320,0.9586594700813293,0.9336509704589844,0.9459899663925171,8395,"[[58681,38,106,182],[77,1977,9,26],[389,3,6798,130],[484,2,71,7838]]",0.3635722714259904,0.9927579247299062,0.9843820929527283,0.9799365997314453,0.9843820929527283,0.9821008443832397,0.9956403970718384,0.9960896372795105,0.995864987373352,6649,0.9557521939277649,0.9818181991577148,0.9686098694801331,110,0.9894179701805115,0.9752281904220581,0.9822718501091003,767,0.978935718536377,0.9843924045562744,0.9816564917564392,897,"[[6623,4,8,14],[1,108,0,1],[15,0,748,4],[13,1,0,883]]"
80,0.38741633718733975,0.9808751350717996,0.9536963701248169,0.9733120203018188,0.9536963701248169,0.9633160829544067,0.9853425025939941,0.9945769309997559,0.9899381995201111,59007,0.9793713092803955,0.9545236825942993,0.9667878746986389,2089,0.9728919863700867,0.9315573573112488,0.9517761468887329,7320,0.9556422233581543,0.9341274499893188,0.9447623491287231,8395,"[[58687,32,94,194],[71,1994,3,21],[350,2,6819,149],[452,8,93,7842]]",0.36369375892847716,0.992995369820729,0.9818817377090454,0.9836238622665405,0.9818817377090454,0.9827374815940857,0.9947471022605896,0.9968416094779968,0.9957932233810425,6649,0.9639639854431152,0.9727272987365723,0.9683258533477783,110,0.9881578683853149,0.979139506816864,0.9836280941963196,767,0.9876265525817871,0.9788182973861694,0.9832026958465576,897,"[[6628,4,8,9],[2,107,0,1],[15,0,751,1],[18,0,1,878]]"
81,0.3872829142211665,0.9803283383890328,0.9530318379402161,0.9723898768424988,0.9530318379402161,0.9625308513641357,0.9851385354995728,0.9942041039466858,0.989650547504425,59007,0.9803439974784851,0.9550023674964905,0.9675072431564331,2089,0.9688167572021484,0.9295082092285156,0.9487555027008057,7320,0.9552602767944336,0.9334127306938171,0.9442101120948792,8395,"[[58665,34,117,191],[71,1995,5,18],[356,2,6804,158],[458,4,97,7836]]",0.3646075504028244,0.9921643120028494,0.9794827103614807,0.9811804890632629,0.9794827103614807,0.9803277850151062,0.9948910474777222,0.9957888126373291,0.9953397512435913,6649,0.9636363387107849,0.9636363387107849,0.9636363387107849,110,0.9829171895980835,0.9752281904220581,0.9790576100349426,767,0.9832776188850403,0.9832776188850403,0.9832776188850403,897,"[[6621,4,12,12],[3,106,0,1],[17,0,748,2],[14,0,1,882]]"
82,0.3851911880550159,0.9817994818450483,0.9557290077209473,0.9756900072097778,0.9557290077209473,0.9655219912528992,0.9858118891716003,0.9950006008148193,0.9903848767280579,59007,0.9847365617752075,0.9573959112167358,0.9708737730979919,2089,0.971245527267456,0.9321038126945496,0.9512721300125122,7320,0.9609661102294922,0.9384157061576843,0.9495570063591003,8395,"[[58712,24,110,161],[73,2000,3,13],[348,3,6823,146],[424,4,89,7878]]",0.36383430444824855,0.9925204796390834,0.9885604381561279,0.9810285568237305,0.9885604381561279,0.9847664833068848,0.9966842532157898,0.9945856332778931,0.9956338405609131,6649,0.9732142686843872,0.9909090995788574,0.9819819331169128,110,0.9741935729980469,0.9843546152114868,0.9792477488517761,767,0.9800221920013428,0.9843924045562744,0.982202410697937,897,"[[6613,3,19,14],[0,109,0,1],[9,0,755,3],[13,0,1,883]]"
83,0.38474018842121954,0.9820208043118824,0.9558795094490051,0.9756174683570862,0.9558795094490051,0.9655621647834778,0.9859580993652344,0.9947972297668457,0.9903579354286194,59007,0.9822485446929932,0.953566312789917,0.9676949381828308,2089,0.9736504554748535,0.9338797926902771,0.9533504843711853,7320,0.9606127142906189,0.9412745833396912,0.9508453011512756,8395,"[[58700,30,95,182],[77,1992,4,16],[354,4,6836,126],[405,2,86,7902]]",0.3627314380677794,0.9931140923661403,0.9830955266952515,0.9847426414489746,0.9830955266952515,0.983875036239624,0.9943028688430786,0.9974431991577148,0.9958705306053162,6649,0.9642857313156128,0.9818181991577148,0.9729729890823364,110,0.9894319772720337,0.9765319228172302,0.9829396605491638,767,0.9909502267837524,0.9765886068344116,0.9837170243263245,897,"[[6632,4,8,5],[1,108,0,1],[16,0,749,2],[21,0,0,876]]"
84,0.3862489779946475,0.9805236229185924,0.9530022740364075,0.973042368888855,0.9530022740364075,0.9628279805183411,0.9850290417671204,0.9946277737617493,0.9898051023483276,59007,0.9803632497787476,0.9559597969055176,0.9680077433586121,2089,0.9700428247451782,0.9289617538452148,0.949057936668396,7320,0.956734299659729,0.9324597716331482,0.9444411396980286,8395,"[[58690,33,110,174],[68,1997,4,20],[357,3,6800,160],[467,4,96,7828]]",0.36222817608229724,0.993351537456963,0.9825712442398071,0.9855225682258606,0.9825712442398071,0.9840385317802429,0.9951959252357483,0.9969920516014099,0.9960931539535522,6649,0.9727272987365723,0.9727272987365723,0.9727272987365723,110,0.9843137264251709,0.9817470908164978,0.9830287098884583,767,0.9898534417152405,0.9788182973861694,0.9843049049377441,897,"[[6629,3,11,6],[2,107,0,1],[12,0,753,2],[18,0,1,878]]"
85,0.3846278880173916,0.9821249560609808,0.9563144445419312,0.9763998985290527,0.9563144445419312,0.9661738276481628,0.9858646392822266,0.9952208995819092,0.9905206561088562,59007,0.985228955745697,0.957874596118927,0.9713591933250427,2089,0.9698086380958557,0.9346994757652283,0.9519304037094116,7320,0.9646972417831421,0.9374627470970154,0.9508850574493408,8395,"[[58725,24,110,148],[63,2001,9,16],[350,4,6842,124],[429,2,94,7870]]",0.36232138036351214,0.9931140923661403,0.98427814245224,0.9838540554046631,0.98427814245224,0.9840652942657471,0.9959380030632019,0.9956384301185608,0.9957881569862366,6649,0.9727272987365723,0.9727272987365723,0.9727272987365723,110,0.9856396913528442,0.9843546152114868,0.9849967360496521,767,0.9811111092567444,0.9843924045562744,0.9827490448951721,897,"[[6620,3,11,15],[2,107,0,1],[11,0,755,1],[14,0,0,883]]"
86,0.38373963605039785,0.9822291078100793,0.9578309655189514,0.9762994050979614,0.9578309655189514,0.9669026136398315,0.9862415194511414,0.9949328303337097,0.9905681610107422,59007,0.9857773184776306,0.962182879447937,0.9738372564315796,2089,0.9731495976448059,0.9357923269271851,0.9541053771972656,7320,0.9600292444229126,0.9384157061576843,0.9490994811058044,8395,"[[58708,22,95,182],[60,2010,2,17],[338,3,6850,129],[421,4,92,7878]]",0.3622518139200823,0.9937077050931972,0.9884542226791382,0.9847724437713623,0.9884542226791382,0.9865920543670654,0.9962406158447266,0.9963904619216919,0.9963155388832092,6649,0.9732142686843872,0.9909090995788574,0.9819819331169128,110,0.9830729365348816,0.9843546152114868,0.9837133884429932,767,0.9865621328353882,0.9821627736091614,0.984357476234436,897,"[[6625,3,11,10],[0,109,0,1],[11,0,755,1],[14,0,2,881]]"
87,0.38409181242862217,0.9822291078100793,0.956777811050415,0.9760136604309082,0.956777811050415,0.9662222862243652,0.9861757159233093,0.9949666857719421,0.9905516505241394,59007,0.9837598204612732,0.9569171667098999,0.9701529145240784,2089,0.9728615880012512,0.9353824853897095,0.9537539482116699,7320,0.9612573385238647,0.9398451447486877,0.9504306316375732,8395,"[[58710,28,103,166],[65,1999,3,22],[341,2,6847,130],[417,3,85,7890]]",0.36275292523793506,0.9931140923661403,0.9811015129089355,0.9864335060119629,0.9811015129089355,0.9837466478347778,0.9944519400596619,0.9974431991577148,0.9959452748298645,6649,0.9727272987365723,0.9727272987365723,0.9727272987365723,110,0.9920529723167419,0.9765319228172302,0.9842312335968018,767,0.9865016937255859,0.9777034521102905,0.9820828437805176,897,"[[6632,3,5,9],[1,107,1,1],[16,0,749,2],[20,0,0,877]]"
88,0.3842037902037156,0.9822681647159912,0.957213282585144,0.9756619930267334,0.957213282585144,0.9662694931030273,0.9861106276512146,0.9950514435768127,0.9905608296394348,59007,0.9809197783470154,0.9597893953323364,0.9702395796775818,2089,0.9728036522865295,0.9333333373069763,0.9526598453521729,7320,0.9628139734268188,0.9406789541244507,0.9516177773475647,8395,"[[58715,33,98,161],[60,2005,6,18],[360,2,6832,126],[407,4,87,7897]]",0.36201104224895786,0.9935889825477858,0.9827457666397095,0.9857859015464783,0.9827457666397095,0.9842568039894104,0.9954954981803894,0.9971424341201782,0.9963183403015137,6649,0.9727272987365723,0.9727272987365723,0.9727272987365723,110,0.9894459247589111,0.9778357148170471,0.9836066365242004,767,0.9854748845100403,0.9832776188850403,0.984375,897,"[[6630,3,7,9],[2,107,0,1],[14,0,750,3],[14,0,1,882]]"
89,0.38397940747746667,0.9821119370923436,0.9569085836410522,0.9762416481971741,0.9569085836410522,0.9663936495780945,0.9859623312950134,0.9951022863388062,0.9905112385749817,59007,0.9842983484268188,0.9602680802345276,0.9721347093582153,2089,0.9750570058822632,0.9345628619194031,0.9543806314468384,7320,0.9596489071846008,0.9377009868621826,0.9485480189323425,8395,"[[58718,27,99,163],[63,2006,3,17],[328,0,6841,151],[445,5,73,7872]]",0.36130838087473205,0.9943013178202541,0.9882593750953674,0.9863318800926208,0.9882593750953674,0.9872711300849915,0.9962440133094788,0.9972928166389465,0.9967681765556335,6649,0.9732142686843872,0.9909090995788574,0.9819819331169128,110,0.9881734848022461,0.9804432988166809,0.9842932224273682,767,0.9876957535743713,0.9843924045562744,0.9860413670539856,897,"[[6631,3,8,7],[0,109,0,1],[12,0,752,3],[13,0,1,883]]"
90,0.38350299556582407,0.9826977906810223,0.9578657746315002,0.9772462844848633,0.9578657746315002,0.9673817157745361,0.9862785935401917,0.9952208995819092,0.990729570388794,59007,0.9852434992790222,0.9588319659233093,0.9718583226203918,2089,0.9735870361328125,0.9366120100021362,0.9547417163848877,7320,0.9638760089874268,0.9407981038093567,0.952197253704071,8395,"[[58725,25,99,158],[66,2003,1,19],[344,1,6856,119],[407,4,86,7898]]",0.36232498906633287,0.9938264276386086,0.9831565022468567,0.9862469434738159,0.9831565022468567,0.9846951365470886,0.9954961538314819,0.9972928166389465,0.9963936805725098,6649,0.9727272987365723,0.9727272987365723,0.9727272987365723,110,0.9868766665458679,0.9804432988166809,0.983649492263794,767,0.9898876547813416,0.9821627736091614,0.9860100746154785,897,"[[6631,3,8,7],[1,107,1,1],[14,0,752,1],[15,0,1,881]]"
91,0.38216529522614023,0.983075340771504,0.9587620496749878,0.9775654077529907,0.9587620496749878,0.967998743057251,0.9869453310966492,0.9955090284347534,0.9912087321281433,59007,0.9877029061317444,0.9612254500389099,0.9742843508720398,2089,0.9736020565032959,0.937158465385437,0.9550327658653259,7320,0.962011456489563,0.9411554336547852,0.9514691829681396,8395,"[[58742,19,89,157],[59,2008,4,18],[320,3,6860,137],[398,3,93,7901]]",0.36224718084955787,0.993351537456963,0.9805771112442017,0.9874799847602844,0.9805771112442017,0.9840031862258911,0.9951959252357483,0.9969920516014099,0.9960931539535522,6649,0.9814814925193787,0.9636363387107849,0.9724770784378052,110,0.985602080821991,0.9817470908164978,0.9836708307266235,767,0.9876404404640198,0.9799330830574036,0.9837716817855835,897,"[[6629,2,9,9],[2,106,1,1],[13,0,753,1],[17,0,1,879]]"
92,0.383934099531039,0.9818125008136855,0.9556384086608887,0.9764078855514526,0.9556384086608887,0.9658256769180298,0.9855445027351379,0.9948141574859619,0.9901576638221741,59007,0.9861591458320618,0.9550023674964905,0.9703307151794434,2089,0.9712905287742615,0.9336065649986267,0.9520757794380188,7320,0.9626373648643494,0.939130425453186,0.9507386684417725,8395,"[[58701,24,117,165],[67,1995,9,18],[361,2,6834,123],[433,2,76,7884]]",0.3624136931437941,0.99394515018402,0.9890116453170776,0.9835444688796997,0.9890116453170776,0.9862329959869385,0.9962406158447266,0.9963904619216919,0.9963155388832092,6649,0.9646017551422119,0.9909090995788574,0.9775784611701965,110,0.9856396913528442,0.9843546152114868,0.9849967360496521,767,0.9876957535743713,0.9843924045562744,0.9860413670539856,897,"[[6625,4,11,9],[0,109,0,1],[11,0,755,1],[14,0,0,883]]"
93,0.38200673517646533,0.9829060941792191,0.958917498588562,0.9775999188423157,0.958917498588562,0.9680925607681274,0.9865809082984924,0.9955259561538696,0.9910331964492798,59007,0.987261176109314,0.9645763635635376,0.9757869839668274,2089,0.9725813269615173,0.935245931148529,0.95354825258255,7320,0.9639760851860046,0.9403216242790222,0.9520019292831421,8395,"[[58743,18,97,149],[53,2015,3,18],[344,2,6846,128],[402,6,93,7894]]",0.3619245838966107,0.9932328149115517,0.9829685091972351,0.9849634170532227,0.9829685091972351,0.9839627146720886,0.9953432679176331,0.9965408444404602,0.995941698551178,6649,0.9727272987365723,0.9727272987365723,0.9727272987365723,110,0.9830065369606018,0.9804432988166809,0.9817232489585876,767,0.988776683807373,0.9821627736091614,0.9854586720466614,897,"[[6626,3,12,8],[2,107,0,1],[14,0,752,1],[15,0,1,881]]"
94,0.3816876487333788,0.9835049667365351,0.9614764451980591,0.9772919416427612,0.9614764451980591,0.9692553281784058,0.9875560998916626,0.9952548146247864,0.9913905262947083,59007,0.985867440700531,0.9684059619903564,0.9770586490631104,2089,0.9734638929367065,0.937158465385437,0.9549662470817566,7320,0.9622801542282104,0.9450863599777222,0.9536057710647583,8395,"[[58727,25,99,156],[46,2023,4,16],[320,1,6860,139],[374,3,84,7934]]",0.36231155800561815,0.9931140923661403,0.980454683303833,0.9867908358573914,0.980454683303833,0.9835982918739319,0.9951944947242737,0.9966912269592285,0.9959423542022705,6649,0.9814814925193787,0.9636363387107849,0.9724770784378052,110,0.9817232489585876,0.9804432988166809,0.9810828566551208,767,0.9887640476226807,0.9810479283332825,0.9848909378051758,897,"[[6627,2,12,8],[2,106,1,1],[14,0,752,1],[16,0,1,880]]"
95,0.38167831507481964,0.9832706253010637,0.9595540165901184,0.9780054092407227,0.9595540165901184,0.9686136245727539,0.9872606992721558,0.9955259561538696,0.9913761019706726,59007,0.9901623129844666,0.9636189341545105,0.976710319519043,2089,0.9733959436416626,0.9346994757652283,0.9536553025245667,7320,0.9612027406692505,0.9443716406822205,0.952712893486023,8395,"[[58743,15,91,158],[55,2013,4,17],[330,3,6842,145],[373,2,92,7928]]",0.36187814513096883,0.9937077050931972,0.9861246347427368,0.9849033355712891,0.9861246347427368,0.9855077266693115,0.9960914254188538,0.9965408444404602,0.9963160753250122,6649,0.9729729890823364,0.9818181991577148,0.9773755669593811,110,0.9817470908164978,0.9817470908164978,0.9817470908164978,767,0.9888017773628235,0.9843924045562744,0.986592173576355,897,"[[6626,3,12,8],[0,108,1,1],[13,0,753,1],[13,0,1,883]]"
96,0.3813219676242985,0.9835440236424471,0.9598250985145569,0.976947009563446,0.9598250985145569,0.9682465195655823,0.9874417781829834,0.9954073429107666,0.9914085865020752,59007,0.9828515648841858,0.9602680802345276,0.9714285731315613,2089,0.9723756909370422,0.9377049207687378,0.9547256231307983,7320,0.9651191234588623,0.9459201693534851,0.9554231762886047,8395,"[[58736,25,99,147],[61,2006,4,18],[329,5,6864,122],[357,5,92,7941]]",0.3622455085299013,0.9931140923661403,0.9856955409049988,0.981775164604187,0.9856955409049988,0.9837139844894409,0.9959392547607422,0.9959392547607422,0.9959392547607422,6649,0.9642857313156128,0.9818181991577148,0.9729729890823364,110,0.9791937470436096,0.9817470908164978,0.9804688096046448,767,0.9876819849014282,0.9832776188850403,0.9854748845100403,897,"[[6622,4,14,9],[0,108,1,1],[13,0,753,1],[14,0,1,882]]"
97,0.38183675921937466,0.9835700615797216,0.9600659608840942,0.978900134563446,0.9600659608840942,0.9693189859390259,0.9870944023132324,0.9954920411109924,0.9912754893302917,59007,0.9896551966667175,0.9617041349411011,0.9754795432090759,2089,0.9746171236038208,0.9389344453811646,0.9564430713653564,7320,0.9642335772514343,0.9441334009170532,0.9540776610374451,8395,"[[58741,17,96,153],[59,2009,4,17],[321,2,6873,124],[388,2,79,7926]]",0.361878466000399,0.993351537456963,0.9832472205162048,0.984764575958252,0.9832472205162048,0.9840041995048523,0.995642364025116,0.9965408444404602,0.9960914254188538,6649,0.9727272987365723,0.9727272987365723,0.9727272987365723,110,0.9830065369606018,0.9804432988166809,0.9817232489585876,767,0.9876819849014282,0.9832776188850403,0.9854748845100403,897,"[[6626,3,11,9],[1,107,1,1],[14,0,752,1],[14,0,1,882]]"
98,0.38203568404377436,0.9837913840465559,0.962497889995575,0.9787763357162476,0.962497889995575,0.9704912304878235,0.9874447584152222,0.9956445693969727,0.9915276765823364,59007,0.9888186454772949,0.9736716151237488,0.9811866283416748,2089,0.9763465523719788,0.9360655546188354,0.9557818174362183,7320,0.9624954462051392,0.9446098804473877,0.9534687995910645,8395,"[[58750,19,86,152],[34,2034,1,20],[328,3,6852,137],[385,1,79,7930]]",0.36189429794370626,0.9935889825477858,0.9836108088493347,0.9850844740867615,0.9836108088493347,0.9843456149101257,0.9957926273345947,0.9966912269592285,0.9962417483329773,6649,0.9727272987365723,0.9727272987365723,0.9727272987365723,110,0.9830287098884583,0.9817470908164978,0.9823874831199646,767,0.9887892603874207,0.9832776188850403,0.9860257506370544,897,"[[6627,3,11,8],[1,107,1,1],[13,0,753,1],[14,0,1,882]]"
99,0.3805665806933202,0.9837262892033694,0.9601061344146729,0.9775139689445496,0.9601061344146729,0.968668520450592,0.9881705641746521,0.9952208995819092,0.9916831254959106,59007,0.9896091222763062,0.9573959112167358,0.9732360243797302,2089,0.9711145758628845,0.9415300488471985,0.9560935497283936,7320,0.9611615538597107,0.9462775588035583,0.9536615014076233,8395,"[[58725,16,102,164],[68,2000,3,18],[287,2,6892,139],[348,3,100,7944]]",0.3619469791831221,0.9935889825477858,0.9833224415779114,0.9853633642196655,0.9833224415779114,0.9843399524688721,0.995643675327301,0.9968416094779968,0.9962422847747803,6649,0.9727272987365723,0.9727272987365723,0.9727272987365723,110,0.9842932224273682,0.9804432988166809,0.9823645353317261,767,0.9887892603874207,0.9832776188850403,0.9860257506370544,897,"[[6628,3,10,8],[1,107,1,1],[14,0,752,1],[14,0,1,882]]"
100,0.38132720405541654,0.9832185494265144,0.9592894911766052,0.976387083530426,0.9592894911766052,0.9676891565322876,0.9874192476272583,0.9949328303337097,0.9911618828773499,59007,0.9832924008369446,0.957874596118927,0.9704170823097229,2089,0.9737066626548767,0.9359289407730103,0.954444169998169,7320,0.961129903793335,0.9484216570854187,0.9547334909439087,8395,"[[58708,22,100,177],[66,2001,4,18],[333,9,6851,127],[349,3,81,7962]]",0.361948270710265,0.9935889825477858,0.9833224415779114,0.9853633642196655,0.9833224415779114,0.9843399524688721,0.995643675327301,0.9968416094779968,0.9962422847747803,6649,0.9727272987365723,0.9727272987365723,0.9727272987365723,110,0.9842932224273682,0.9804432988166809,0.9823645353317261,767,0.9887892603874207,0.9832776188850403,0.9860257506370544,897,"[[6628,3,10,8],[1,107,1,1],[14,0,752,1],[14,0,1,882]]"
